ID,n_adults,n_children,weekend_nights,week_nights,meal_plan,car_parking_space,room_type,previous_cancellations,previous_bookings_not_canceled,avg_room_price,special_requests,status
0,2,0,1,2,Meal Plan 1,0,Room_Type 1,0,0,65,0,Not_Canceled
1,2,0,2,3,Not Selected,0,Room_Type 1,0,0,106.68,1,Not_Canceled
2,1,0,2,1,Meal Plan 1,0,Room_Type 1,0,0,60,0,Canceled
3,2,0,0,2,Meal Plan 1,0,Room_Type 1,0,0,100,0,Canceled
4,2,0,1,1,Not Selected,0,Room_Type 1,0,0,94.5,0,Canceled
5,2,0,0,2,Meal Plan 2,0,Room_Type 1,0,0,115,1,Canceled
6,2,0,1,3,Meal Plan 1,0,Room_Type 1,0,0,107.55,1,Not_Canceled
7,2,0,1,3,Meal Plan 1,0,Room_Type 4,0,0,105.61,1,Not_Canceled
8,3,0,0,4,Meal Plan 1,0,Room_Type 1,0,0,96.9,1,Not_Canceled
9,2,0,0,5,Meal Plan 1,0,Room_Type 4,0,0,133.44,3,Not_Canceled
10,1,0,1,0,Not Selected,0,Room_Type 1,0,0,85.03,0,Not_Canceled
11,1,0,2,1,Meal Plan 1,0,Room_Type 4,0,0,140.4,1,Not_Canceled
12,2,0,2,1,Not Selected,0,Room_Type 1,0,0,88,0,Canceled
13,1,0,2,0,Meal Plan 1,0,Room_Type 1,0,0,90,2,Canceled
14,2,0,0,2,Meal Plan 1,0,Room_Type 1,0,0,94.5,2,Not_Canceled
15,2,0,0,2,Meal Plan 2,0,Room_Type 1,0,0,115,1,Canceled
16,1,0,1,0,Meal Plan 1,0,Room_Type 1,0,0,96,0,Not_Canceled
17,2,0,1,3,Not Selected,0,Room_Type 1,0,0,96,1,Not_Canceled
18,2,0,2,2,Meal Plan 1,0,Room_Type 1,0,0,65,0,Canceled
19,2,0,1,0,Meal Plan 1,0,Room_Type 1,0,0,72,0,Not_Canceled
20,2,0,2,2,Meal Plan 1,0,Room_Type 1,0,0,65,0,Canceled
21,1,0,0,1,Meal Plan 1,0,Room_Type 1,0,0,67,0,Not_Canceled
22,2,0,2,4,Meal Plan 1,0,Room_Type 1,0,0,85,0,Not_Canceled
23,2,0,0,3,Meal Plan 1,0,Room_Type 1,0,0,105,0,Not_Canceled
24,2,0,2,1,Not Selected,0,Room_Type 1,0,0,94.5,1,Not_Canceled
25,2,0,0,2,Meal Plan 1,0,Room_Type 1,0,0,114.3,1,Not_Canceled
26,2,0,1,1,Meal Plan 1,0,Room_Type 1,0,0,65,0,Not_Canceled
27,1,0,0,2,Meal Plan 1,0,Room_Type 4,0,0,110,0,Canceled
28,1,0,1,2,Meal Plan 1,0,Room_Type 1,0,0,37.33,0,Canceled
29,2,0,0,2,Meal Plan 2,0,Room_Type 1,0,0,82,0,Not_Canceled
30,2,0,1,1,Meal Plan 1,0,Room_Type 4,0,0,177.5,1,Not_Canceled
31,2,0,2,2,Meal Plan 1,0,Room_Type 1,0,0,87.5,1,Not_Canceled
32,0,2,0,3,Meal Plan 1,0,Room_Type 2,0,0,82.44,1,Not_Canceled
33,2,0,0,1,Not Selected,0,Room_Type 1,0,0,69.5,1,Not_Canceled
34,2,0,0,2,Meal Plan 1,0,Room_Type 1,0,0,85.5,0,Not_Canceled
35,2,0,0,1,Not Selected,1,Room_Type 1,0,0,115,1,Not_Canceled
36,1,0,2,1,Meal Plan 1,0,Room_Type 1,0,0,81,0,Canceled
37,2,0,0,1,Meal Plan 1,0,Room_Type 1,0,0,67,0,Not_Canceled
38,2,0,2,3,Not Selected,0,Room_Type 1,0,0,63.75,0,Canceled
39,2,0,2,1,Meal Plan 1,0,Room_Type 4,0,0,121.8,1,Canceled
40,2,0,0,4,Meal Plan 1,0,Room_Type 1,0,0,93.6,2,Not_Canceled
41,2,0,0,2,Meal Plan 1,0,Room_Type 1,0,0,102,1,Not_Canceled
42,3,0,2,1,Meal Plan 1,0,Room_Type 1,0,0,121.8,1,Not_Canceled
43,2,0,1,1,Not Selected,0,Room_Type 1,0,0,98.1,1,Canceled
44,2,0,0,4,Meal Plan 1,0,Room_Type 4,0,0,60,1,Not_Canceled
45,2,0,0,3,Meal Plan 1,0,Room_Type 1,0,0,75,0,Not_Canceled
46,1,0,0,2,Meal Plan 1,0,Room_Type 1,0,0,73,0,Not_Canceled
47,2,0,0,1,Meal Plan 2,0,Room_Type 1,0,0,104,0,Not_Canceled
48,2,0,0,4,Not Selected,0,Room_Type 1,0,0,79.2,1,Not_Canceled
49,1,0,1,3,Meal Plan 1,0,Room_Type 4,0,0,125.8,2,Not_Canceled
50,1,0,2,5,Not Selected,0,Room_Type 1,0,0,87.95,0,Not_Canceled
51,2,0,2,2,Meal Plan 2,0,Room_Type 1,0,0,106,0,Canceled
52,1,0,1,2,Meal Plan 1,0,Room_Type 1,0,0,136.67,1,Not_Canceled
53,2,0,0,4,Meal Plan 1,0,Room_Type 4,0,0,60,1,Not_Canceled
54,2,0,1,0,Not Selected,0,Room_Type 1,0,0,89,2,Not_Canceled
55,2,0,1,3,Meal Plan 1,0,Room_Type 1,0,0,136,1,Not_Canceled
56,2,0,0,1,Not Selected,0,Room_Type 1,0,0,94.5,1,Not_Canceled
57,2,0,1,2,Meal Plan 1,0,Room_Type 1,0,0,93.6,2,Not_Canceled
58,2,0,1,4,Meal Plan 1,0,Room_Type 4,0,0,120.6,0,Canceled
59,2,0,0,3,Meal Plan 1,0,Room_Type 4,0,0,99.3,1,Not_Canceled
60,2,2,0,1,Meal Plan 1,1,Room_Type 6,0,0,258,1,Not_Canceled
61,1,0,0,3,Meal Plan 1,0,Room_Type 4,0,0,120.12,2,Not_Canceled
62,1,0,0,2,Meal Plan 1,0,Room_Type 1,0,0,95,0,Not_Canceled
63,1,0,0,1,Meal Plan 1,0,Room_Type 1,0,0,0,1,Not_Canceled
64,2,0,2,1,Meal Plan 1,0,Room_Type 1,0,0,75,0,Not_Canceled
65,2,0,0,3,Meal Plan 1,0,Room_Type 4,0,0,157.5,2,Not_Canceled
66,2,0,0,2,Meal Plan 1,0,Room_Type 4,0,0,97.7,1,Not_Canceled
67,2,0,0,2,Meal Plan 1,0,Room_Type 4,0,0,142,0,Canceled
68,2,0,0,1,Meal Plan 1,0,Room_Type 1,0,0,80,0,Not_Canceled
69,2,0,1,2,Meal Plan 1,0,Room_Type 1,0,0,85.5,1,Not_Canceled
70,2,0,0,3,Meal Plan 1,0,Room_Type 1,0,0,100,0,Not_Canceled
71,2,0,1,0,Not Selected,0,Room_Type 1,0,0,88,2,Not_Canceled
72,2,0,1,1,Meal Plan 1,1,Room_Type 1,0,0,122.85,1,Not_Canceled
73,2,0,0,2,Meal Plan 1,0,Room_Type 1,0,0,100,0,Canceled
74,2,0,2,3,Meal Plan 1,0,Room_Type 4,0,0,75,0,Not_Canceled
75,2,0,1,4,Meal Plan 1,0,Room_Type 4,0,0,116.8,1,Not_Canceled
76,3,0,1,1,Meal Plan 1,0,Room_Type 4,0,0,121.5,0,Not_Canceled
77,2,0,1,2,Meal Plan 1,0,Room_Type 1,0,0,111.9,1,Not_Canceled
78,3,0,2,5,Meal Plan 1,0,Room_Type 4,0,0,121.55,2,Canceled
79,2,0,0,5,Meal Plan 1,0,Room_Type 1,0,0,75,1,Not_Canceled
80,2,2,0,2,Meal Plan 1,0,Room_Type 6,0,0,159.3,0,Canceled
81,2,0,0,5,Meal Plan 1,0,Room_Type 4,0,0,132.3,0,Canceled
82,2,0,2,0,Not Selected,0,Room_Type 1,0,0,88,2,Not_Canceled
83,2,0,1,4,Meal Plan 1,0,Room_Type 4,0,0,98.82,0,Not_Canceled
84,2,0,1,2,Meal Plan 1,1,Room_Type 4,0,0,98.3,1,Not_Canceled
85,1,0,1,0,Meal Plan 1,0,Room_Type 1,0,0,150,2,Not_Canceled
86,2,0,2,3,Not Selected,0,Room_Type 1,0,0,96.05,1,Not_Canceled
87,1,0,0,2,Meal Plan 1,0,Room_Type 1,0,0,130,0,Canceled
88,2,0,0,1,Not Selected,0,Room_Type 1,0,5,95,0,Not_Canceled
89,2,0,0,3,Meal Plan 1,0,Room_Type 5,0,0,113.56,0,Not_Canceled
90,2,0,1,3,Not Selected,0,Room_Type 1,0,0,101.58,1,Not_Canceled
91,2,0,1,2,Meal Plan 1,1,Room_Type 1,0,0,105.3,0,Not_Canceled
92,2,0,2,1,Meal Plan 1,0,Room_Type 4,0,0,115.8,1,Not_Canceled
93,2,0,0,1,Meal Plan 1,0,Room_Type 4,0,0,149.4,1,Not_Canceled
94,2,0,2,5,Meal Plan 1,0,Room_Type 1,0,0,111.59,0,Canceled
95,2,1,0,2,Meal Plan 1,1,Room_Type 1,0,0,130.5,2,Not_Canceled
96,2,0,0,2,Meal Plan 2,0,Room_Type 1,0,0,115,1,Canceled
97,2,0,0,4,Meal Plan 1,0,Room_Type 1,0,0,90.95,1,Not_Canceled
98,2,0,0,3,Meal Plan 1,0,Room_Type 1,0,0,76.08,1,Not_Canceled
99,2,2,1,3,Meal Plan 1,0,Room_Type 6,0,0,156.9,0,Not_Canceled
100,2,0,1,0,Not Selected,0,Room_Type 1,0,0,85.5,2,Not_Canceled
101,3,0,1,2,Meal Plan 1,0,Room_Type 4,0,0,159.3,2,Not_Canceled
102,1,0,0,4,Meal Plan 1,0,Room_Type 1,0,0,74.8,2,Not_Canceled
103,2,0,0,1,Meal Plan 1,0,Room_Type 1,0,0,95,1,Not_Canceled
104,2,0,0,3,Meal Plan 1,0,Room_Type 1,0,0,107,1,Not_Canceled
105,2,0,0,3,Meal Plan 1,0,Room_Type 1,0,0,64,0,Not_Canceled
106,2,0,1,4,Meal Plan 1,1,Room_Type 1,0,0,82.95,0,Not_Canceled
107,2,0,1,3,Meal Plan 1,0,Room_Type 4,0,0,155,1,Not_Canceled
108,2,0,0,1,Not Selected,0,Room_Type 1,0,0,101.68,1,Not_Canceled
109,2,0,2,1,Meal Plan 1,0,Room_Type 1,0,0,94.5,3,Not_Canceled
110,2,0,0,2,Meal Plan 1,0,Room_Type 1,0,0,117.9,2,Canceled
111,2,0,1,0,Not Selected,0,Room_Type 1,0,0,127,1,Not_Canceled
112,2,0,0,3,Not Selected,0,Room_Type 1,0,0,116.1,2,Not_Canceled
113,2,0,2,3,Meal Plan 1,0,Room_Type 1,0,0,117.9,1,Not_Canceled
114,2,2,2,2,Meal Plan 1,0,Room_Type 2,0,0,184.24,1,Canceled
115,3,0,2,2,Meal Plan 1,1,Room_Type 4,0,0,155.7,1,Not_Canceled
116,3,0,2,5,Meal Plan 1,0,Room_Type 4,0,0,135.76,0,Canceled
117,2,1,2,5,Meal Plan 1,0,Room_Type 1,0,0,102.83,3,Not_Canceled
118,2,0,0,1,Meal Plan 1,0,Room_Type 1,0,0,65,0,Canceled
119,2,0,2,3,Meal Plan 1,0,Room_Type 1,0,0,103,1,Not_Canceled
120,2,0,0,3,Meal Plan 1,0,Room_Type 1,0,0,106.2,1,Canceled
121,2,0,0,2,Meal Plan 2,0,Room_Type 1,0,0,58.5,0,Not_Canceled
122,2,0,1,3,Meal Plan 1,0,Room_Type 1,0,0,73.95,0,Canceled
123,2,0,0,3,Meal Plan 1,0,Room_Type 1,0,0,105.3,0,Not_Canceled
124,3,0,2,0,Meal Plan 1,0,Room_Type 4,0,0,133.2,2,Not_Canceled
125,2,0,0,2,Meal Plan 1,0,Room_Type 1,0,0,85.5,0,Not_Canceled
126,1,0,0,1,Meal Plan 1,0,Room_Type 1,0,0,112,1,Canceled
127,2,2,0,2,Meal Plan 1,0,Room_Type 6,0,0,190.8,0,Canceled
128,1,0,2,3,Meal Plan 1,0,Room_Type 1,0,0,110,0,Not_Canceled
129,2,0,1,4,Meal Plan 1,0,Room_Type 4,0,0,91.48,1,Not_Canceled
130,2,0,0,2,Not Selected,0,Room_Type 1,0,0,135,2,Not_Canceled
131,1,0,1,2,Meal Plan 1,0,Room_Type 1,0,0,129,2,Not_Canceled
132,2,0,2,4,Not Selected,0,Room_Type 1,0,0,70.55,2,Canceled
133,2,0,1,4,Meal Plan 1,0,Room_Type 4,0,0,75,0,Not_Canceled
134,1,0,0,4,Not Selected,0,Room_Type 1,0,0,72.25,0,Not_Canceled
135,2,0,0,1,Meal Plan 1,0,Room_Type 4,0,0,155,2,Not_Canceled
136,2,1,1,0,Meal Plan 1,0,Room_Type 1,0,0,121.5,2,Canceled
137,2,0,2,5,Meal Plan 1,0,Room_Type 1,0,0,90.95,2,Not_Canceled
138,1,0,2,2,Meal Plan 1,0,Room_Type 1,0,0,109.65,0,Not_Canceled
139,3,0,2,4,Meal Plan 1,0,Room_Type 4,0,0,142.72,0,Canceled
140,1,0,1,2,Meal Plan 1,0,Room_Type 1,0,0,90,0,Not_Canceled
141,2,0,0,2,Meal Plan 1,0,Room_Type 1,0,0,75,0,Canceled
142,2,0,0,2,Meal Plan 1,0,Room_Type 1,0,0,111,1,Canceled
143,2,0,2,2,Meal Plan 1,0,Room_Type 1,0,0,86.7,2,Not_Canceled
144,2,0,1,0,Meal Plan 1,0,Room_Type 1,0,0,117.9,1,Not_Canceled
145,1,0,0,2,Meal Plan 1,0,Room_Type 1,3,5,0,1,Not_Canceled
146,2,0,0,4,Not Selected,0,Room_Type 1,0,0,101.58,1,Not_Canceled
147,2,0,1,2,Not Selected,0,Room_Type 1,0,0,58.9,1,Not_Canceled
148,2,0,0,1,Meal Plan 1,0,Room_Type 1,0,0,120,0,Not_Canceled
149,2,0,2,3,Meal Plan 1,0,Room_Type 4,0,0,107.1,0,Canceled
150,2,0,1,1,Meal Plan 1,0,Room_Type 1,0,0,126.9,1,Not_Canceled
151,2,0,0,3,Meal Plan 1,0,Room_Type 4,0,0,139.5,2,Canceled
152,2,0,1,3,Not Selected,0,Room_Type 1,0,0,80.75,1,Not_Canceled
153,2,0,0,2,Meal Plan 2,0,Room_Type 1,0,0,109,0,Canceled
154,2,0,0,1,Meal Plan 2,0,Room_Type 1,0,0,104,0,Not_Canceled
155,1,0,0,3,Meal Plan 1,0,Room_Type 1,1,5,65,1,Not_Canceled
156,2,0,0,3,Meal Plan 1,0,Room_Type 4,0,0,140.4,0,Not_Canceled
157,2,0,0,3,Meal Plan 1,0,Room_Type 1,0,0,75,0,Not_Canceled
158,2,0,0,1,Not Selected,0,Room_Type 1,0,0,94.5,0,Canceled
159,2,0,1,0,Not Selected,0,Room_Type 1,0,0,109,0,Not_Canceled
160,2,0,2,2,Meal Plan 1,0,Room_Type 1,0,0,105,2,Not_Canceled
161,2,0,2,2,Meal Plan 1,0,Room_Type 4,0,0,107.95,1,Not_Canceled
162,3,0,2,2,Meal Plan 1,0,Room_Type 7,0,0,215.6,1,Not_Canceled
163,2,0,1,1,Not Selected,0,Room_Type 1,0,0,85.5,1,Not_Canceled
164,2,0,0,2,Meal Plan 1,0,Room_Type 1,0,0,105.3,2,Not_Canceled
165,1,0,2,1,Meal Plan 2,0,Room_Type 1,0,0,1,0,Not_Canceled
166,2,0,0,2,Meal Plan 1,0,Room_Type 4,0,0,156,0,Canceled
167,1,0,0,2,Meal Plan 1,0,Room_Type 1,0,0,73.15,1,Not_Canceled
168,2,0,1,2,Meal Plan 1,0,Room_Type 1,0,0,110,0,Canceled
169,2,1,1,0,Not Selected,0,Room_Type 1,0,0,87.4,1,Not_Canceled
170,2,0,0,2,Meal Plan 1,0,Room_Type 1,0,0,120,0,Canceled
171,2,0,1,2,Not Selected,0,Room_Type 1,0,0,79.2,0,Canceled
172,2,0,1,3,Meal Plan 1,0,Room_Type 1,0,0,90.95,1,Not_Canceled
173,2,0,0,4,Meal Plan 1,0,Room_Type 1,0,0,91.48,1,Not_Canceled
174,2,1,0,1,Meal Plan 1,0,Room_Type 1,0,0,150,1,Canceled
175,2,0,0,1,Not Selected,0,Room_Type 1,0,0,89,0,Not_Canceled
176,2,0,1,4,Not Selected,0,Room_Type 1,0,0,91.43,1,Not_Canceled
177,2,0,0,2,Meal Plan 1,0,Room_Type 1,0,0,140,0,Not_Canceled
178,1,1,2,5,Not Selected,0,Room_Type 1,0,0,87.78,0,Not_Canceled
179,2,0,0,2,Meal Plan 2,0,Room_Type 1,0,0,115,0,Canceled
180,2,0,0,3,Meal Plan 1,0,Room_Type 1,0,0,80.85,1,Not_Canceled
181,2,0,1,3,Meal Plan 1,0,Room_Type 1,0,0,82.45,1,Not_Canceled
182,2,0,0,1,Not Selected,0,Room_Type 1,0,0,108,0,Canceled
183,2,0,1,1,Meal Plan 1,0,Room_Type 4,0,0,96.3,1,Not_Canceled
184,2,0,1,5,Meal Plan 1,0,Room_Type 1,0,0,99.45,0,Canceled
185,2,0,0,2,Meal Plan 1,0,Room_Type 4,0,0,140.4,1,Not_Canceled
186,2,0,1,3,Meal Plan 1,0,Room_Type 1,0,0,72.25,0,Not_Canceled
187,2,0,1,4,Meal Plan 1,0,Room_Type 4,0,0,126,0,Not_Canceled
188,2,0,2,3,Meal Plan 1,0,Room_Type 1,0,0,78,0,Canceled
189,1,0,2,2,Meal Plan 1,0,Room_Type 4,0,0,146.6,1,Not_Canceled
190,2,0,1,2,Meal Plan 1,0,Room_Type 1,0,0,118.8,0,Canceled
191,1,0,0,1,Meal Plan 1,0,Room_Type 1,0,0,145,0,Canceled
192,2,0,0,4,Meal Plan 1,0,Room_Type 1,0,0,84.58,0,Canceled
193,2,0,1,2,Meal Plan 2,0,Room_Type 1,0,0,130,0,Canceled
194,2,0,4,10,Meal Plan 1,0,Room_Type 4,0,0,118.88,1,Canceled
195,2,0,1,2,Meal Plan 1,0,Room_Type 1,0,0,101.52,0,Not_Canceled
196,2,0,0,1,Meal Plan 1,0,Room_Type 1,0,0,100,0,Canceled
197,2,0,2,1,Meal Plan 1,0,Room_Type 1,0,0,58,0,Not_Canceled
198,2,0,0,4,Meal Plan 1,0,Room_Type 1,0,0,61.5,2,Not_Canceled
199,2,0,1,2,Meal Plan 2,0,Room_Type 1,0,0,107,0,Canceled
200,2,0,1,4,Not Selected,0,Room_Type 1,0,0,87.3,1,Not_Canceled
201,2,0,0,2,Meal Plan 1,0,Room_Type 1,0,0,76.5,1,Canceled
202,2,0,2,2,Not Selected,0,Room_Type 1,0,0,63.75,0,Canceled
203,2,0,1,2,Meal Plan 1,0,Room_Type 1,0,0,95,0,Canceled
204,2,0,2,1,Meal Plan 1,0,Room_Type 1,0,0,75,1,Not_Canceled
205,2,0,0,3,Meal Plan 1,0,Room_Type 1,0,0,70,0,Canceled
206,2,0,1,3,Meal Plan 1,0,Room_Type 1,0,0,101.58,1,Not_Canceled
207,2,0,2,3,Meal Plan 1,0,Room_Type 1,0,0,85,0,Not_Canceled
208,2,0,2,4,Meal Plan 1,0,Room_Type 1,0,0,98.39,0,Not_Canceled
209,1,0,0,0,Meal Plan 1,0,Room_Type 1,0,0,0,1,Not_Canceled
210,2,0,0,3,Meal Plan 1,0,Room_Type 1,0,0,106.07,1,Not_Canceled
211,2,0,1,1,Meal Plan 1,0,Room_Type 1,0,0,105,1,Not_Canceled
212,2,0,0,1,Meal Plan 1,0,Room_Type 1,0,0,145,2,Not_Canceled
213,3,0,2,1,Meal Plan 1,0,Room_Type 1,0,0,106.03,1,Canceled
214,2,0,2,2,Meal Plan 1,0,Room_Type 1,0,0,114.3,1,Not_Canceled
215,1,0,1,1,Not Selected,0,Room_Type 1,0,0,88,0,Not_Canceled
216,2,0,0,2,Meal Plan 1,0,Room_Type 1,0,0,89.25,2,Not_Canceled
217,2,1,2,5,Meal Plan 1,0,Room_Type 4,0,0,86.32,1,Not_Canceled
218,2,0,0,3,Meal Plan 1,0,Room_Type 1,0,0,90,1,Not_Canceled
219,2,0,2,5,Meal Plan 1,0,Room_Type 1,0,0,55.96,0,Not_Canceled
220,1,0,0,2,Not Selected,0,Room_Type 1,0,0,109,1,Not_Canceled
221,2,0,0,1,Meal Plan 1,0,Room_Type 1,0,0,86,0,Not_Canceled
222,2,0,1,5,Meal Plan 1,0,Room_Type 1,0,0,118.95,0,Not_Canceled
223,2,0,0,2,Meal Plan 1,0,Room_Type 1,0,0,130,1,Not_Canceled
224,2,0,1,3,Not Selected,0,Room_Type 1,0,0,90.56,1,Not_Canceled
225,2,0,0,2,Meal Plan 1,0,Room_Type 1,0,0,87.3,1,Not_Canceled
226,2,2,2,2,Meal Plan 1,0,Room_Type 6,0,0,177.65,1,Canceled
227,1,2,2,2,Meal Plan 1,0,Room_Type 6,0,0,200.75,2,Not_Canceled
228,2,1,0,2,Meal Plan 1,0,Room_Type 1,0,0,127,1,Not_Canceled
229,1,0,1,2,Meal Plan 1,0,Room_Type 1,0,0,72.9,0,Canceled
230,3,0,1,1,Meal Plan 1,0,Room_Type 4,0,0,159.3,0,Canceled
231,2,1,1,3,Meal Plan 1,0,Room_Type 1,0,0,135.15,1,Not_Canceled
232,1,0,0,2,Meal Plan 1,0,Room_Type 1,0,0,90,0,Not_Canceled
233,2,0,1,0,Not Selected,0,Room_Type 1,0,0,114,0,Not_Canceled
234,2,1,0,1,Meal Plan 1,1,Room_Type 1,0,0,125.1,1,Not_Canceled
235,2,0,2,6,Not Selected,0,Room_Type 1,0,0,95.13,1,Not_Canceled
236,2,0,0,2,Meal Plan 1,0,Room_Type 5,0,0,105.84,0,Canceled
237,2,0,1,3,Meal Plan 1,0,Room_Type 1,0,0,102,0,Canceled
238,2,0,2,2,Not Selected,0,Room_Type 1,0,0,74.8,2,Not_Canceled
239,2,0,1,0,Not Selected,0,Room_Type 1,0,0,94.5,0,Canceled
240,2,0,2,4,Not Selected,0,Room_Type 1,0,0,120.6,0,Not_Canceled
241,2,0,1,2,Meal Plan 1,0,Room_Type 1,0,0,139.33,0,Not_Canceled
242,2,0,0,2,Meal Plan 1,0,Room_Type 1,0,0,105,0,Not_Canceled
243,2,0,0,2,Not Selected,0,Room_Type 1,0,0,100,1,Not_Canceled
244,2,0,1,0,Meal Plan 1,0,Room_Type 1,0,0,80.3,1,Not_Canceled
245,1,0,0,2,Meal Plan 1,0,Room_Type 1,0,0,100,0,Not_Canceled
246,2,0,0,3,Meal Plan 1,1,Room_Type 1,0,0,105.3,1,Not_Canceled
247,2,0,0,4,Meal Plan 1,0,Room_Type 4,0,0,112.8,0,Canceled
248,2,0,1,2,Meal Plan 1,0,Room_Type 1,0,0,151,0,Canceled
249,1,0,1,3,Meal Plan 1,0,Room_Type 1,0,0,91,1,Not_Canceled
250,3,0,2,1,Meal Plan 1,0,Room_Type 4,0,0,146.7,1,Canceled
251,2,0,2,3,Meal Plan 1,0,Room_Type 1,0,0,58.4,0,Not_Canceled
252,2,0,0,4,Not Selected,0,Room_Type 1,0,0,80.75,1,Canceled
253,2,0,1,1,Not Selected,0,Room_Type 1,0,0,76.5,0,Not_Canceled
254,3,0,0,3,Meal Plan 1,0,Room_Type 4,0,0,140.13,0,Not_Canceled
255,2,0,2,4,Not Selected,0,Room_Type 1,0,0,76,1,Not_Canceled
256,2,0,0,1,Meal Plan 1,0,Room_Type 1,0,0,200,0,Not_Canceled
257,2,0,0,2,Meal Plan 2,0,Room_Type 1,0,0,101.5,0,Canceled
258,2,0,0,3,Not Selected,0,Room_Type 1,0,0,108,1,Not_Canceled
259,3,0,2,3,Meal Plan 2,0,Room_Type 4,0,0,189,1,Not_Canceled
260,3,0,1,1,Meal Plan 1,0,Room_Type 4,0,0,166,3,Not_Canceled
261,2,0,1,1,Not Selected,0,Room_Type 1,0,0,67.5,0,Not_Canceled
262,2,0,1,3,Meal Plan 1,0,Room_Type 4,0,0,78.54,1,Not_Canceled
263,1,0,2,2,Meal Plan 1,0,Room_Type 1,0,0,152.1,1,Canceled
264,1,0,2,1,Meal Plan 1,0,Room_Type 1,0,0,115,0,Canceled
265,2,0,2,5,Not Selected,0,Room_Type 1,0,0,66.53,2,Not_Canceled
266,1,0,0,2,Meal Plan 1,0,Room_Type 1,0,1,0,1,Not_Canceled
267,1,0,2,1,Meal Plan 1,0,Room_Type 1,0,0,0,1,Not_Canceled
268,2,0,0,3,Meal Plan 1,0,Room_Type 1,0,0,90.3,2,Canceled
269,2,0,0,2,Meal Plan 1,0,Room_Type 1,0,0,85,0,Not_Canceled
270,1,0,0,1,Meal Plan 1,0,Room_Type 1,0,0,75,0,Not_Canceled
271,2,0,2,4,Meal Plan 1,0,Room_Type 1,0,0,115.37,1,Canceled
272,2,0,1,2,Meal Plan 2,0,Room_Type 1,0,0,130,0,Canceled
273,3,0,0,2,Meal Plan 1,0,Room_Type 4,0,0,126,2,Not_Canceled
274,2,0,1,0,Meal Plan 1,0,Room_Type 1,0,0,94.35,1,Not_Canceled
275,3,0,2,4,Meal Plan 1,0,Room_Type 4,0,0,118.46,4,Not_Canceled
276,1,0,0,2,Meal Plan 2,0,Room_Type 1,0,0,90.6,0,Canceled
277,1,0,2,1,Meal Plan 1,0,Room_Type 1,0,0,82.9,2,Not_Canceled
278,2,0,0,3,Meal Plan 1,0,Room_Type 1,0,0,95.33,1,Not_Canceled
279,3,0,2,5,Meal Plan 1,0,Room_Type 4,0,0,135.64,1,Not_Canceled
280,3,0,1,1,Meal Plan 1,0,Room_Type 4,0,0,122.4,0,Not_Canceled
281,2,0,1,3,Not Selected,0,Room_Type 1,0,0,116.1,0,Canceled
282,2,0,0,4,Not Selected,0,Room_Type 1,0,0,62.18,0,Canceled
283,2,0,0,4,Not Selected,0,Room_Type 1,0,0,63.75,0,Canceled
284,1,0,1,4,Meal Plan 1,0,Room_Type 1,0,0,118.8,0,Canceled
285,2,0,0,2,Not Selected,1,Room_Type 1,0,0,167,0,Not_Canceled
286,2,2,2,2,Meal Plan 1,0,Room_Type 6,0,0,187.85,1,Not_Canceled
287,0,2,2,2,Meal Plan 1,0,Room_Type 1,0,0,108.38,1,Canceled
288,2,0,0,1,Meal Plan 1,0,Room_Type 2,0,3,0,1,Not_Canceled
289,3,0,1,2,Meal Plan 1,0,Room_Type 1,0,0,128.7,0,Canceled
290,2,0,1,3,Meal Plan 1,0,Room_Type 1,0,0,80.33,1,Not_Canceled
291,2,0,1,1,Meal Plan 1,0,Room_Type 1,0,0,140,1,Canceled
292,2,1,1,1,Meal Plan 1,0,Room_Type 1,0,0,76.5,2,Not_Canceled
293,2,0,2,1,Meal Plan 1,0,Room_Type 1,0,0,105.3,1,Not_Canceled
294,2,0,2,1,Meal Plan 1,0,Room_Type 1,0,0,87.3,1,Canceled
295,1,0,0,3,Meal Plan 1,0,Room_Type 1,0,0,110,0,Canceled
296,1,0,0,1,Meal Plan 2,0,Room_Type 1,0,0,83,0,Not_Canceled
297,2,0,2,2,Meal Plan 1,0,Room_Type 1,0,0,99.45,1,Not_Canceled
298,2,1,2,1,Meal Plan 2,0,Room_Type 1,0,0,104.5,3,Not_Canceled
299,2,0,2,6,Meal Plan 1,0,Room_Type 1,0,0,92.54,2,Not_Canceled
300,1,0,0,3,Meal Plan 1,0,Room_Type 1,0,0,95,0,Not_Canceled
301,1,0,0,2,Meal Plan 1,0,Room_Type 1,0,0,130,0,Canceled
302,2,0,2,1,Meal Plan 1,0,Room_Type 1,1,0,63,1,Not_Canceled
303,2,0,1,2,Meal Plan 1,0,Room_Type 4,0,0,109.8,0,Canceled
304,2,0,1,0,Meal Plan 1,0,Room_Type 1,0,0,103,0,Not_Canceled
305,3,0,2,1,Meal Plan 1,0,Room_Type 4,0,0,130,1,Not_Canceled
306,2,0,0,2,Meal Plan 1,0,Room_Type 1,0,0,117,0,Canceled
307,2,0,0,4,Meal Plan 1,0,Room_Type 4,0,0,60.5,0,Not_Canceled
308,2,0,0,1,Meal Plan 2,0,Room_Type 1,0,0,112.2,0,Not_Canceled
309,2,0,1,3,Meal Plan 1,0,Room_Type 1,0,0,135.9,0,Canceled
310,2,0,1,0,Meal Plan 1,0,Room_Type 1,0,0,151,1,Canceled
311,2,2,0,2,Meal Plan 1,0,Room_Type 6,0,0,239,2,Not_Canceled
312,2,0,2,1,Meal Plan 1,0,Room_Type 1,0,0,59.09,0,Not_Canceled
313,2,0,2,5,Meal Plan 1,0,Room_Type 1,0,0,103.09,0,Canceled
314,2,0,2,1,Meal Plan 1,0,Room_Type 1,0,0,87,0,Not_Canceled
315,3,0,1,0,Meal Plan 1,0,Room_Type 4,0,0,137,0,Canceled
316,2,0,0,2,Meal Plan 2,0,Room_Type 1,0,0,109,0,Not_Canceled
317,2,0,1,1,Meal Plan 2,0,Room_Type 1,0,0,115,1,Canceled
318,2,0,2,3,Meal Plan 1,0,Room_Type 4,0,0,99.45,1,Not_Canceled
319,2,0,0,2,Meal Plan 2,0,Room_Type 1,0,0,115,1,Canceled
320,3,0,1,2,Meal Plan 1,0,Room_Type 4,0,0,130,2,Not_Canceled
321,1,0,1,0,Meal Plan 1,0,Room_Type 1,0,3,65,0,Not_Canceled
322,2,0,0,2,Meal Plan 1,0,Room_Type 1,0,0,75,0,Canceled
323,2,1,1,2,Meal Plan 1,0,Room_Type 1,0,0,132.9,0,Canceled
324,1,0,2,0,Meal Plan 1,0,Room_Type 1,0,0,120,0,Not_Canceled
325,2,0,0,2,Not Selected,0,Room_Type 1,0,0,79.2,1,Canceled
326,3,0,2,1,Meal Plan 1,0,Room_Type 4,0,0,159.3,0,Canceled
327,1,0,0,2,Meal Plan 1,0,Room_Type 1,0,0,130,0,Canceled
328,2,0,0,3,Meal Plan 1,0,Room_Type 1,1,0,90,0,Not_Canceled
329,2,0,0,2,Meal Plan 1,0,Room_Type 4,0,0,140.4,1,Not_Canceled
330,2,0,0,1,Meal Plan 1,0,Room_Type 1,0,0,75,0,Not_Canceled
331,2,0,0,2,Meal Plan 2,0,Room_Type 1,0,0,109,0,Canceled
332,2,0,2,1,Meal Plan 2,0,Room_Type 1,0,0,94.5,0,Canceled
333,1,0,0,1,Meal Plan 1,0,Room_Type 1,0,1,75,0,Not_Canceled
334,2,0,1,2,Meal Plan 1,0,Room_Type 4,0,0,75,1,Not_Canceled
335,2,0,2,1,Meal Plan 1,0,Room_Type 1,0,0,76.67,0,Not_Canceled
336,2,0,2,2,Meal Plan 1,0,Room_Type 1,0,0,126,0,Not_Canceled
337,2,0,1,1,Not Selected,0,Room_Type 1,0,0,85.5,1,Not_Canceled
338,2,0,0,3,Meal Plan 1,0,Room_Type 4,0,0,140.7,0,Canceled
339,2,0,2,2,Meal Plan 1,0,Room_Type 4,0,0,103.7,1,Not_Canceled
340,1,0,0,1,Meal Plan 1,0,Room_Type 1,0,0,142,0,Not_Canceled
341,2,1,2,5,Meal Plan 1,0,Room_Type 1,0,0,103.7,3,Not_Canceled
342,1,0,1,2,Meal Plan 1,0,Room_Type 1,0,0,110,0,Not_Canceled
343,2,0,0,3,Meal Plan 1,0,Room_Type 1,0,0,75,0,Not_Canceled
344,3,0,1,1,Meal Plan 1,0,Room_Type 4,0,0,137.7,0,Not_Canceled
345,2,0,0,1,Not Selected,0,Room_Type 1,0,0,87.3,3,Not_Canceled
346,1,0,0,2,Meal Plan 1,0,Room_Type 1,0,4,0,4,Not_Canceled
347,2,0,0,2,Meal Plan 2,0,Room_Type 1,0,0,101.5,0,Not_Canceled
348,2,0,0,1,Meal Plan 1,0,Room_Type 1,0,0,97,1,Not_Canceled
349,3,0,1,1,Meal Plan 1,0,Room_Type 4,0,0,150.3,1,Not_Canceled
350,2,0,0,4,Meal Plan 1,0,Room_Type 1,0,0,82.45,0,Not_Canceled
351,1,0,0,1,Meal Plan 1,1,Room_Type 4,0,3,103,1,Not_Canceled
352,1,0,2,6,Meal Plan 1,0,Room_Type 1,0,0,145,0,Canceled
353,1,0,1,1,Meal Plan 1,0,Room_Type 1,0,0,145,1,Not_Canceled
354,2,0,2,2,Meal Plan 1,0,Room_Type 4,0,0,134.85,1,Not_Canceled
355,2,1,1,1,Meal Plan 1,0,Room_Type 6,0,0,168.25,1,Not_Canceled
356,1,0,2,1,Meal Plan 1,0,Room_Type 1,0,0,60,0,Canceled
357,2,0,1,3,Meal Plan 1,0,Room_Type 1,0,0,76,0,Not_Canceled
358,2,0,1,2,Meal Plan 1,0,Room_Type 1,0,0,63.5,1,Not_Canceled
359,2,0,2,0,Meal Plan 1,0,Room_Type 1,0,0,95,0,Not_Canceled
360,2,0,2,2,Meal Plan 1,0,Room_Type 4,0,0,90.95,3,Not_Canceled
361,2,0,0,2,Meal Plan 1,0,Room_Type 1,0,0,98.4,2,Not_Canceled
362,2,0,0,1,Meal Plan 1,0,Room_Type 1,0,0,135.9,1,Not_Canceled
363,2,0,0,2,Meal Plan 1,0,Room_Type 4,0,0,130,1,Not_Canceled
364,2,0,0,1,Meal Plan 1,0,Room_Type 4,0,0,81.9,2,Not_Canceled
365,3,0,1,4,Meal Plan 1,0,Room_Type 1,0,0,78.85,1,Not_Canceled
366,2,0,2,3,Meal Plan 2,0,Room_Type 1,0,0,141.3,0,Canceled
367,2,0,1,1,Meal Plan 1,0,Room_Type 1,0,0,70,1,Not_Canceled
368,2,0,2,3,Meal Plan 2,0,Room_Type 1,0,0,170.1,2,Not_Canceled
369,2,0,2,0,Meal Plan 2,0,Room_Type 1,0,0,115,1,Canceled
370,2,2,0,5,Meal Plan 1,0,Room_Type 6,0,0,199,0,Not_Canceled
371,2,0,2,2,Meal Plan 1,0,Room_Type 4,0,0,82.45,0,Not_Canceled
372,4,0,0,3,Meal Plan 1,0,Room_Type 7,0,0,192.86,1,Not_Canceled
373,2,0,2,2,Meal Plan 1,0,Room_Type 1,0,0,185,0,Not_Canceled
374,2,0,2,6,Meal Plan 1,0,Room_Type 1,0,0,68.07,1,Not_Canceled
375,2,0,0,3,Meal Plan 1,0,Room_Type 1,0,0,118.8,1,Not_Canceled
376,2,0,0,2,Meal Plan 1,0,Room_Type 4,0,0,104.4,0,Canceled
377,1,0,0,1,Meal Plan 1,0,Room_Type 1,0,12,65,0,Not_Canceled
378,2,0,1,3,Not Selected,0,Room_Type 1,0,0,71.1,0,Canceled
379,2,0,2,1,Meal Plan 1,0,Room_Type 1,0,0,95,0,Not_Canceled
380,2,0,4,11,Meal Plan 1,0,Room_Type 4,0,0,116.62,1,Canceled
381,2,0,0,4,Meal Plan 1,0,Room_Type 1,0,0,136,2,Not_Canceled
382,2,2,2,2,Meal Plan 1,0,Room_Type 6,0,0,147.9,0,Canceled
383,2,0,2,0,Not Selected,0,Room_Type 1,0,0,123.7,0,Not_Canceled
384,2,0,2,1,Meal Plan 1,0,Room_Type 1,0,0,135.9,0,Canceled
385,2,0,0,2,Meal Plan 2,0,Room_Type 1,0,0,109,0,Not_Canceled
386,3,0,2,1,Meal Plan 1,0,Room_Type 4,0,0,186,1,Not_Canceled
387,3,0,1,3,Meal Plan 1,0,Room_Type 4,0,0,115.6,1,Canceled
388,2,2,0,1,Meal Plan 1,0,Room_Type 6,0,0,221,0,Canceled
389,1,0,0,3,Meal Plan 1,0,Room_Type 1,0,0,65,0,Not_Canceled
390,1,0,0,1,Meal Plan 1,0,Room_Type 1,0,0,80,0,Not_Canceled
391,2,1,1,4,Meal Plan 1,0,Room_Type 1,0,0,73.83,0,Not_Canceled
392,1,0,0,1,Meal Plan 1,1,Room_Type 1,3,19,67,0,Not_Canceled
393,2,0,0,2,Meal Plan 1,0,Room_Type 1,0,0,80.3,1,Not_Canceled
394,2,0,2,1,Not Selected,0,Room_Type 1,0,0,85,0,Not_Canceled
395,2,1,2,3,Meal Plan 1,0,Room_Type 1,0,0,152.1,1,Canceled
396,2,0,0,2,Meal Plan 1,0,Room_Type 1,0,0,89.25,1,Not_Canceled
397,1,0,0,4,Meal Plan 2,0,Room_Type 1,0,0,110,0,Not_Canceled
398,2,0,1,2,Meal Plan 1,0,Room_Type 1,0,0,95,0,Canceled
399,2,0,0,1,Not Selected,0,Room_Type 1,0,0,79,0,Not_Canceled
400,2,0,0,1,Meal Plan 1,0,Room_Type 1,0,0,80,0,Canceled
401,2,0,2,2,Meal Plan 1,0,Room_Type 1,0,0,102.85,2,Canceled
402,2,0,1,2,Meal Plan 1,0,Room_Type 1,0,0,90,0,Canceled
403,2,0,1,2,Meal Plan 1,0,Room_Type 2,0,0,62.37,2,Not_Canceled
404,2,0,0,1,Not Selected,0,Room_Type 1,0,0,98,0,Not_Canceled
405,2,0,0,3,Meal Plan 1,0,Room_Type 1,0,0,117.67,1,Canceled
406,2,0,2,1,Meal Plan 1,0,Room_Type 1,0,0,141,1,Not_Canceled
407,2,1,1,3,Meal Plan 1,0,Room_Type 6,0,0,156.61,2,Canceled
408,3,0,0,3,Meal Plan 1,0,Room_Type 4,0,0,152.1,0,Canceled
409,2,0,0,1,Meal Plan 1,0,Room_Type 1,0,0,105.3,0,Canceled
410,2,0,1,3,Meal Plan 1,0,Room_Type 1,0,0,119.85,1,Not_Canceled
411,2,0,0,2,Meal Plan 1,0,Room_Type 1,0,0,97.2,2,Not_Canceled
412,1,0,0,1,Not Selected,0,Room_Type 1,0,0,116.1,0,Not_Canceled
413,3,0,2,2,Meal Plan 1,0,Room_Type 4,0,0,150.45,0,Canceled
414,1,0,0,1,Meal Plan 1,0,Room_Type 1,0,0,71,0,Not_Canceled
415,1,0,1,0,Meal Plan 1,0,Room_Type 1,0,0,0,0,Not_Canceled
416,2,0,1,2,Meal Plan 1,0,Room_Type 4,0,0,60,0,Not_Canceled
417,1,0,0,1,Meal Plan 1,0,Room_Type 1,0,1,89,1,Not_Canceled
418,2,0,2,0,Meal Plan 2,0,Room_Type 1,0,0,115,1,Canceled
419,2,0,1,1,Meal Plan 1,0,Room_Type 1,0,0,100,1,Not_Canceled
420,2,0,1,3,Not Selected,0,Room_Type 1,0,0,75.9,2,Canceled
421,2,0,1,2,Meal Plan 1,0,Room_Type 1,0,0,65,0,Not_Canceled
422,2,0,2,2,Meal Plan 1,0,Room_Type 1,0,0,104.55,2,Not_Canceled
423,1,0,2,2,Meal Plan 1,0,Room_Type 1,0,0,115,0,Canceled
424,3,0,1,1,Meal Plan 1,0,Room_Type 4,0,0,187,0,Canceled
425,1,0,0,1,Meal Plan 1,0,Room_Type 1,0,0,115,0,Not_Canceled
426,2,0,0,4,Not Selected,0,Room_Type 1,0,0,84.43,1,Canceled
427,2,0,2,3,Meal Plan 1,0,Room_Type 1,0,0,90.95,0,Canceled
428,2,0,1,3,Meal Plan 2,1,Room_Type 4,0,0,208,1,Not_Canceled
429,2,0,2,4,Meal Plan 1,0,Room_Type 1,0,0,97.18,1,Canceled
430,1,0,0,4,Meal Plan 2,0,Room_Type 1,0,0,79.11,0,Not_Canceled
431,2,0,0,2,Meal Plan 1,0,Room_Type 1,0,0,0,0,Not_Canceled
432,2,0,0,1,Meal Plan 1,0,Room_Type 4,0,0,120,1,Not_Canceled
433,2,0,0,3,Meal Plan 1,0,Room_Type 1,0,0,126,1,Not_Canceled
434,2,0,0,2,Meal Plan 1,0,Room_Type 1,0,0,91,1,Canceled
435,2,0,0,5,Meal Plan 2,0,Room_Type 1,0,0,137,0,Canceled
436,2,0,0,4,Meal Plan 1,0,Room_Type 1,0,0,67.32,0,Not_Canceled
437,2,0,0,1,Meal Plan 1,0,Room_Type 1,0,0,81.62,0,Not_Canceled
438,3,0,1,3,Meal Plan 2,0,Room_Type 4,0,0,123.66,2,Not_Canceled
439,2,0,2,1,Not Selected,0,Room_Type 1,0,0,94.5,1,Not_Canceled
440,2,0,1,4,Meal Plan 1,0,Room_Type 1,0,0,96.3,0,Canceled
441,2,0,2,1,Meal Plan 1,0,Room_Type 1,0,0,88.01,1,Not_Canceled
442,2,0,1,3,Meal Plan 1,0,Room_Type 1,0,0,81.9,2,Not_Canceled
443,2,0,0,4,Meal Plan 1,0,Room_Type 1,0,0,119.85,1,Not_Canceled
444,1,0,0,1,Meal Plan 1,0,Room_Type 1,0,0,83.5,0,Not_Canceled
445,1,0,0,1,Meal Plan 1,1,Room_Type 1,0,3,67,1,Not_Canceled
446,2,0,2,2,Meal Plan 1,0,Room_Type 4,0,0,156,1,Not_Canceled
447,2,0,0,1,Meal Plan 1,0,Room_Type 1,0,0,85,0,Not_Canceled
448,2,0,3,5,Meal Plan 1,0,Room_Type 4,0,0,126.75,0,Canceled
449,2,0,1,1,Meal Plan 2,0,Room_Type 1,0,0,115,1,Canceled
450,2,0,2,1,Not Selected,0,Room_Type 1,0,0,107.1,1,Canceled
451,1,0,0,1,Meal Plan 1,0,Room_Type 1,0,0,120,0,Not_Canceled
452,2,0,2,1,Meal Plan 1,0,Room_Type 1,0,0,93.6,2,Not_Canceled
453,2,0,0,1,Meal Plan 1,0,Room_Type 1,0,0,120,0,Not_Canceled
454,1,0,0,1,Meal Plan 1,0,Room_Type 1,0,0,90,1,Not_Canceled
455,2,0,0,5,Meal Plan 1,0,Room_Type 1,0,0,137,1,Canceled
456,2,1,1,3,Meal Plan 1,0,Room_Type 1,0,0,106.43,1,Canceled
457,1,0,0,3,Not Selected,0,Room_Type 1,0,0,87.78,0,Not_Canceled
458,2,0,0,2,Meal Plan 2,0,Room_Type 1,0,0,101.5,0,Not_Canceled
459,2,0,0,1,Not Selected,0,Room_Type 1,0,0,85.5,0,Canceled
460,1,0,0,3,Meal Plan 1,0,Room_Type 1,0,0,95,0,Not_Canceled
461,2,0,2,2,Meal Plan 1,0,Room_Type 4,0,0,103.7,2,Not_Canceled
462,1,0,0,1,Meal Plan 1,0,Room_Type 1,0,0,65,0,Not_Canceled
463,2,0,2,6,Meal Plan 1,0,Room_Type 1,0,0,100.12,0,Canceled
464,2,0,1,3,Meal Plan 2,1,Room_Type 1,0,0,156.25,2,Not_Canceled
465,2,0,1,2,Meal Plan 2,0,Room_Type 1,0,0,101,0,Canceled
466,2,0,1,3,Meal Plan 2,1,Room_Type 1,0,0,161.1,0,Not_Canceled
467,2,0,1,3,Not Selected,1,Room_Type 1,0,0,83.8,2,Not_Canceled
468,2,1,0,1,Meal Plan 1,1,Room_Type 1,0,0,168,2,Not_Canceled
469,2,0,2,1,Meal Plan 1,0,Room_Type 1,0,0,58,0,Not_Canceled
470,2,0,2,1,Meal Plan 2,0,Room_Type 1,0,0,94.5,0,Not_Canceled
471,2,0,0,4,Meal Plan 1,0,Room_Type 1,0,0,96.3,1,Not_Canceled
472,2,0,0,1,Meal Plan 1,0,Room_Type 1,0,0,76.5,1,Not_Canceled
473,2,0,2,3,Meal Plan 1,0,Room_Type 1,0,0,78,0,Not_Canceled
474,2,0,1,1,Not Selected,0,Room_Type 1,0,0,112.59,0,Canceled
475,2,2,2,1,Meal Plan 1,0,Room_Type 7,0,0,187.04,0,Canceled
476,2,0,0,1,Meal Plan 1,1,Room_Type 1,0,0,169,2,Not_Canceled
477,2,0,3,7,Not Selected,0,Room_Type 1,0,0,46.63,1,Not_Canceled
478,2,0,0,3,Meal Plan 1,0,Room_Type 1,0,0,100,0,Not_Canceled
479,2,0,0,3,Not Selected,0,Room_Type 1,0,0,85.5,2,Not_Canceled
480,1,0,0,2,Meal Plan 1,0,Room_Type 1,0,0,130,0,Canceled
481,3,0,2,2,Meal Plan 1,0,Room_Type 4,0,0,146.7,1,Not_Canceled
482,1,0,0,2,Meal Plan 1,0,Room_Type 1,0,0,73,0,Not_Canceled
483,3,0,2,2,Meal Plan 1,0,Room_Type 6,0,0,143.22,2,Not_Canceled
484,2,0,0,3,Meal Plan 1,0,Room_Type 1,0,0,89.25,1,Not_Canceled
485,2,0,1,0,Not Selected,0,Room_Type 1,0,0,85,0,Not_Canceled
486,2,0,2,0,Meal Plan 1,0,Room_Type 1,0,0,6.5,1,Not_Canceled
487,2,2,0,1,Meal Plan 1,0,Room_Type 2,0,0,83.03,0,Canceled
488,2,0,1,3,Meal Plan 1,0,Room_Type 1,0,0,91,0,Canceled
489,2,0,2,2,Not Selected,0,Room_Type 1,0,0,80.75,1,Not_Canceled
490,2,0,1,2,Meal Plan 1,0,Room_Type 1,0,0,89,0,Canceled
491,2,0,0,3,Meal Plan 1,0,Room_Type 1,0,0,105,0,Not_Canceled
492,2,0,2,5,Meal Plan 1,0,Room_Type 1,0,0,109.81,0,Not_Canceled
493,2,0,1,3,Meal Plan 1,0,Room_Type 4,0,0,70.88,0,Not_Canceled
494,1,0,0,2,Not Selected,0,Room_Type 1,0,0,83.6,2,Not_Canceled
495,1,0,2,1,Meal Plan 1,0,Room_Type 1,0,0,60,0,Canceled
496,2,0,0,3,Meal Plan 1,0,Room_Type 1,0,0,130,0,Canceled
497,1,0,1,1,Meal Plan 1,0,Room_Type 1,0,0,95,1,Not_Canceled
498,2,0,0,1,Meal Plan 2,0,Room_Type 1,0,0,104,0,Not_Canceled
499,2,0,0,3,Meal Plan 1,0,Room_Type 4,0,0,62,1,Not_Canceled
500,2,0,2,1,Meal Plan 1,0,Room_Type 2,0,0,95,0,Not_Canceled
501,1,0,2,1,Meal Plan 2,0,Room_Type 4,0,0,145,1,Not_Canceled
502,1,0,1,0,Meal Plan 1,0,Room_Type 1,0,0,95,0,Not_Canceled
503,1,0,0,2,Meal Plan 1,0,Room_Type 1,0,0,95,0,Not_Canceled
504,2,0,2,4,Meal Plan 1,0,Room_Type 1,0,0,80.75,0,Not_Canceled
505,3,0,0,4,Meal Plan 1,0,Room_Type 4,0,0,142.2,2,Not_Canceled
506,3,0,2,3,Meal Plan 1,0,Room_Type 4,0,0,128.7,1,Canceled
507,2,0,2,3,Meal Plan 1,0,Room_Type 1,0,0,90.95,1,Not_Canceled
508,2,0,1,2,Meal Plan 1,0,Room_Type 1,0,0,93.6,2,Not_Canceled
509,2,0,1,2,Meal Plan 1,0,Room_Type 4,0,0,60,0,Not_Canceled
510,1,0,0,3,Meal Plan 1,0,Room_Type 1,0,0,90,0,Not_Canceled
511,2,0,2,1,Not Selected,0,Room_Type 1,0,0,95.4,2,Not_Canceled
512,2,0,0,2,Meal Plan 1,0,Room_Type 1,0,0,160,1,Canceled
513,2,0,2,1,Meal Plan 1,0,Room_Type 4,0,0,104.1,2,Canceled
514,2,0,0,1,Meal Plan 2,0,Room_Type 1,0,0,104,0,Not_Canceled
515,2,0,0,4,Meal Plan 1,0,Room_Type 1,0,0,109,0,Not_Canceled
516,2,0,2,4,Meal Plan 1,0,Room_Type 4,0,0,93.78,1,Canceled
517,1,0,0,2,Meal Plan 1,0,Room_Type 1,0,0,95,0,Not_Canceled
518,1,0,0,1,Not Selected,0,Room_Type 1,0,0,140,0,Not_Canceled
519,2,0,1,3,Meal Plan 1,0,Room_Type 1,0,0,87,1,Not_Canceled
520,1,0,2,1,Meal Plan 1,0,Room_Type 4,0,0,85.85,1,Not_Canceled
521,2,0,1,3,Meal Plan 1,0,Room_Type 4,0,0,99.45,0,Not_Canceled
522,2,0,0,4,Meal Plan 1,0,Room_Type 4,0,0,120.28,1,Not_Canceled
523,1,0,0,3,Meal Plan 1,0,Room_Type 1,0,0,120,0,Not_Canceled
524,2,0,2,0,Meal Plan 1,0,Room_Type 1,0,0,77.77,1,Not_Canceled
525,1,0,0,3,Meal Plan 1,0,Room_Type 1,0,0,120,0,Not_Canceled
526,2,0,0,1,Not Selected,0,Room_Type 1,0,0,116.1,1,Not_Canceled
527,3,0,0,1,Meal Plan 2,0,Room_Type 4,0,0,189,0,Canceled
528,2,0,2,1,Meal Plan 1,0,Room_Type 4,0,0,152.67,0,Canceled
529,2,0,2,3,Meal Plan 1,0,Room_Type 1,0,0,66.31,1,Not_Canceled
530,1,0,0,1,Meal Plan 1,0,Room_Type 1,0,0,95,2,Not_Canceled
531,2,1,0,3,Meal Plan 1,0,Room_Type 1,0,0,122,0,Canceled
532,2,0,0,3,Meal Plan 1,0,Room_Type 1,0,0,58,0,Not_Canceled
533,2,0,1,3,Meal Plan 1,0,Room_Type 1,0,0,89.89,1,Not_Canceled
534,2,0,0,2,Meal Plan 1,0,Room_Type 4,0,0,156,1,Not_Canceled
535,2,0,1,3,Meal Plan 1,0,Room_Type 4,0,0,99.45,0,Not_Canceled
536,2,1,0,2,Meal Plan 1,0,Room_Type 6,0,0,172.8,0,Canceled
537,2,0,1,3,Not Selected,0,Room_Type 1,0,0,98.56,1,Not_Canceled
538,1,0,0,1,Meal Plan 1,0,Room_Type 1,0,0,71.1,0,Canceled
539,1,0,6,15,Meal Plan 1,0,Room_Type 4,0,0,128.06,0,Canceled
540,1,0,0,1,Meal Plan 1,0,Room_Type 1,0,0,0,0,Not_Canceled
541,2,1,0,1,Meal Plan 1,0,Room_Type 1,0,0,106,1,Not_Canceled
542,2,0,0,4,Meal Plan 1,0,Room_Type 4,0,0,130.61,1,Canceled
543,2,0,2,3,Not Selected,0,Room_Type 1,0,0,105.74,1,Not_Canceled
544,2,0,0,2,Meal Plan 1,0,Room_Type 4,0,0,136,1,Not_Canceled
545,2,0,0,1,Meal Plan 1,0,Room_Type 1,0,0,120,0,Not_Canceled
546,2,0,2,2,Not Selected,0,Room_Type 1,0,0,74.8,1,Not_Canceled
547,2,0,0,2,Meal Plan 2,0,Room_Type 1,0,0,112,1,Canceled
548,2,1,1,0,Meal Plan 1,0,Room_Type 1,0,0,121.5,2,Not_Canceled
549,2,0,0,4,Meal Plan 1,0,Room_Type 1,0,0,70,0,Not_Canceled
550,1,0,0,1,Meal Plan 1,0,Room_Type 1,0,0,75,0,Not_Canceled
551,2,0,0,1,Meal Plan 1,0,Room_Type 1,0,0,54,0,Not_Canceled
552,2,0,1,2,Meal Plan 1,0,Room_Type 1,0,0,100,0,Canceled
553,1,0,0,1,Meal Plan 1,0,Room_Type 4,0,0,0,2,Not_Canceled
554,1,2,4,9,Meal Plan 1,0,Room_Type 6,0,0,186.22,0,Canceled
555,2,0,2,0,Not Selected,0,Room_Type 1,0,0,79.2,0,Not_Canceled
556,2,0,1,1,Meal Plan 1,0,Room_Type 1,0,0,103,0,Not_Canceled
557,2,0,2,2,Meal Plan 1,0,Room_Type 1,0,0,185,0,Not_Canceled
558,2,0,0,2,Meal Plan 1,0,Room_Type 1,0,0,135,1,Not_Canceled
559,2,0,2,0,Meal Plan 2,0,Room_Type 1,0,0,115,1,Canceled
560,2,0,0,2,Meal Plan 2,0,Room_Type 1,0,0,109,0,Canceled
561,2,0,0,1,Meal Plan 1,0,Room_Type 1,0,0,104,1,Canceled
562,3,0,2,5,Meal Plan 1,0,Room_Type 4,0,0,130.05,3,Not_Canceled
563,2,0,1,3,Meal Plan 1,0,Room_Type 1,0,0,100.3,0,Canceled
564,1,0,0,2,Meal Plan 1,0,Room_Type 1,0,0,130,0,Canceled
565,2,0,0,2,Meal Plan 2,0,Room_Type 1,0,0,109,0,Not_Canceled
566,2,0,2,2,Meal Plan 1,0,Room_Type 4,0,0,139.5,1,Canceled
567,1,0,0,1,Meal Plan 1,0,Room_Type 1,0,0,66,1,Not_Canceled
568,2,0,2,2,Meal Plan 1,0,Room_Type 1,0,0,106.88,2,Not_Canceled
569,2,0,2,2,Meal Plan 1,0,Room_Type 4,0,0,149.4,1,Not_Canceled
570,1,0,0,2,Meal Plan 1,0,Room_Type 1,0,0,109.35,2,Not_Canceled
571,2,0,0,3,Meal Plan 1,0,Room_Type 1,0,0,89,0,Canceled
572,1,0,2,1,Meal Plan 1,0,Room_Type 1,0,0,115,1,Not_Canceled
573,1,0,0,1,Meal Plan 1,0,Room_Type 1,0,0,85.5,0,Not_Canceled
574,2,0,0,2,Meal Plan 1,0,Room_Type 4,0,0,90.95,0,Not_Canceled
575,2,0,2,1,Meal Plan 1,0,Room_Type 4,0,0,117.55,1,Not_Canceled
576,2,0,0,1,Not Selected,0,Room_Type 1,0,0,108,1,Canceled
577,2,0,0,3,Meal Plan 1,0,Room_Type 4,0,0,139.5,1,Not_Canceled
578,2,0,0,3,Meal Plan 1,0,Room_Type 5,0,0,129.88,0,Canceled
579,2,0,1,4,Meal Plan 1,0,Room_Type 1,0,0,67,0,Not_Canceled
580,2,0,1,1,Not Selected,0,Room_Type 1,0,0,129,1,Canceled
581,2,0,2,5,Meal Plan 1,0,Room_Type 1,0,0,79.53,0,Canceled
582,2,0,1,3,Meal Plan 1,0,Room_Type 1,0,0,72.25,0,Not_Canceled
583,1,0,0,2,Meal Plan 2,0,Room_Type 1,0,0,80,0,Not_Canceled
584,2,0,2,5,Meal Plan 1,0,Room_Type 1,0,0,119.85,2,Not_Canceled
585,1,0,1,2,Meal Plan 1,0,Room_Type 1,0,0,117,0,Not_Canceled
586,2,0,2,2,Meal Plan 2,0,Room_Type 4,0,0,29,1,Not_Canceled
587,2,0,2,2,Meal Plan 1,1,Room_Type 1,0,0,118.8,1,Not_Canceled
588,2,0,0,2,Meal Plan 1,0,Room_Type 1,0,0,192.03,1,Not_Canceled
589,3,0,0,1,Meal Plan 1,0,Room_Type 1,0,0,168.3,2,Not_Canceled
590,2,0,0,1,Not Selected,0,Room_Type 1,0,0,72.76,0,Not_Canceled
591,2,0,0,3,Meal Plan 1,0,Room_Type 1,0,0,68,0,Not_Canceled
592,2,0,0,4,Meal Plan 1,0,Room_Type 1,0,0,89,0,Not_Canceled
593,2,0,2,5,Meal Plan 1,0,Room_Type 4,0,0,124.46,0,Not_Canceled
594,1,0,2,1,Meal Plan 1,0,Room_Type 1,0,0,70.33,0,Not_Canceled
595,3,0,1,4,Meal Plan 1,0,Room_Type 4,0,0,170.1,2,Not_Canceled
596,2,0,0,2,Meal Plan 1,0,Room_Type 1,0,0,75,0,Canceled
597,2,0,0,3,Meal Plan 1,0,Room_Type 4,0,0,125.25,1,Not_Canceled
598,2,0,3,7,Meal Plan 1,0,Room_Type 1,0,0,55.9,0,Not_Canceled
599,2,0,1,2,Meal Plan 1,0,Room_Type 1,0,0,126.9,0,Canceled
600,2,0,0,2,Not Selected,0,Room_Type 1,0,0,79,0,Canceled
601,2,0,2,3,Meal Plan 1,0,Room_Type 1,0,0,94.35,2,Canceled
602,2,0,0,2,Meal Plan 2,0,Room_Type 1,0,0,109,0,Canceled
603,2,0,2,3,Meal Plan 1,0,Room_Type 4,0,0,112.2,0,Not_Canceled
604,1,0,0,1,Meal Plan 1,0,Room_Type 1,0,0,109,1,Not_Canceled
605,1,0,0,2,Meal Plan 1,0,Room_Type 1,1,2,65,0,Not_Canceled
606,2,0,1,3,Meal Plan 1,0,Room_Type 1,0,0,90,0,Not_Canceled
607,2,0,0,3,Meal Plan 1,0,Room_Type 1,0,0,85,0,Not_Canceled
608,2,0,0,4,Meal Plan 1,0,Room_Type 1,0,0,168.73,0,Not_Canceled
609,2,0,1,3,Meal Plan 1,0,Room_Type 1,0,0,100.38,0,Not_Canceled
610,2,0,2,5,Meal Plan 1,0,Room_Type 1,0,0,99.45,0,Canceled
611,2,0,0,1,Meal Plan 1,0,Room_Type 1,0,0,160,0,Not_Canceled
612,2,0,2,1,Meal Plan 1,0,Room_Type 1,0,0,126,1,Not_Canceled
613,3,0,1,2,Meal Plan 1,0,Room_Type 1,0,0,96.9,0,Not_Canceled
614,2,2,2,4,Meal Plan 1,0,Room_Type 2,0,0,95,2,Not_Canceled
615,2,0,2,1,Meal Plan 1,0,Room_Type 1,0,0,94.5,3,Not_Canceled
616,1,0,1,1,Meal Plan 1,0,Room_Type 1,0,0,98.8,0,Not_Canceled
617,2,0,2,1,Not Selected,0,Room_Type 1,0,0,100.5,1,Not_Canceled
618,2,0,1,0,Meal Plan 2,0,Room_Type 7,0,1,0,1,Not_Canceled
619,2,0,2,1,Meal Plan 1,0,Room_Type 1,0,0,80.75,1,Canceled
620,2,0,0,1,Meal Plan 2,0,Room_Type 1,0,0,104,0,Not_Canceled
621,2,0,1,2,Meal Plan 1,0,Room_Type 1,0,0,89.75,0,Not_Canceled
622,2,2,0,2,Meal Plan 1,0,Room_Type 6,0,0,156,1,Not_Canceled
623,2,0,1,1,Meal Plan 1,0,Room_Type 4,0,0,136,2,Not_Canceled
624,2,0,0,2,Meal Plan 1,0,Room_Type 1,0,0,85,1,Not_Canceled
625,2,0,0,4,Meal Plan 1,0,Room_Type 4,0,0,87.54,1,Not_Canceled
626,2,0,0,2,Meal Plan 1,0,Room_Type 1,0,0,100,0,Not_Canceled
627,2,0,2,2,Meal Plan 1,0,Room_Type 1,0,0,108.9,1,Canceled
628,2,0,0,3,Not Selected,0,Room_Type 1,0,0,107.1,1,Not_Canceled
629,2,0,1,2,Meal Plan 1,0,Room_Type 1,0,0,80,0,Canceled
630,2,0,0,3,Meal Plan 1,0,Room_Type 1,0,0,90,0,Canceled
631,2,0,0,2,Meal Plan 1,0,Room_Type 1,0,0,105.3,1,Not_Canceled
632,2,0,0,1,Not Selected,0,Room_Type 1,0,0,80,2,Not_Canceled
633,2,0,0,2,Meal Plan 1,1,Room_Type 4,0,0,142.2,0,Not_Canceled
634,2,0,0,3,Meal Plan 1,0,Room_Type 4,0,0,131.4,1,Not_Canceled
635,1,0,0,2,Meal Plan 1,0,Room_Type 1,0,0,95,0,Not_Canceled
636,2,0,0,2,Meal Plan 1,0,Room_Type 1,0,0,111,0,Canceled
637,2,0,1,3,Meal Plan 1,0,Room_Type 1,0,0,85,1,Not_Canceled
638,3,0,0,4,Meal Plan 1,0,Room_Type 4,0,0,130.95,0,Canceled
639,2,0,0,2,Meal Plan 2,0,Room_Type 1,0,0,101.5,0,Not_Canceled
640,1,0,2,1,Meal Plan 1,0,Room_Type 1,0,0,82,0,Not_Canceled
641,2,0,2,2,Meal Plan 1,1,Room_Type 1,0,0,94.5,2,Not_Canceled
642,2,0,2,1,Meal Plan 1,0,Room_Type 1,0,0,109.8,0,Canceled
643,2,0,2,4,Meal Plan 1,0,Room_Type 1,0,0,72.25,0,Canceled
644,2,0,2,2,Not Selected,0,Room_Type 1,0,0,55.72,0,Not_Canceled
645,3,0,1,1,Meal Plan 1,0,Room_Type 4,0,0,158.4,1,Canceled
646,2,0,1,4,Meal Plan 1,0,Room_Type 4,0,0,69,0,Not_Canceled
647,2,0,0,3,Meal Plan 1,0,Room_Type 1,0,0,105,0,Not_Canceled
648,2,0,0,3,Meal Plan 1,0,Room_Type 4,0,0,219.6,0,Canceled
649,1,0,2,3,Meal Plan 1,0,Room_Type 1,0,0,44.8,0,Not_Canceled
650,2,0,0,1,Not Selected,0,Room_Type 1,0,0,120,0,Not_Canceled
651,2,0,1,2,Meal Plan 1,0,Room_Type 1,0,0,100,0,Canceled
652,2,0,0,1,Not Selected,0,Room_Type 1,0,0,109,0,Not_Canceled
653,0,2,1,2,Meal Plan 1,0,Room_Type 2,0,0,115.68,1,Not_Canceled
654,2,0,1,2,Meal Plan 1,0,Room_Type 1,0,0,75,0,Not_Canceled
655,2,0,0,2,Meal Plan 2,0,Room_Type 5,0,0,134.1,1,Not_Canceled
656,2,0,2,1,Meal Plan 1,0,Room_Type 4,0,0,124.1,1,Not_Canceled
657,4,0,0,2,Meal Plan 1,0,Room_Type 7,0,0,214.75,1,Not_Canceled
658,2,0,1,2,Meal Plan 1,0,Room_Type 1,0,0,75,0,Not_Canceled
659,2,0,1,2,Meal Plan 1,0,Room_Type 1,0,0,72.25,2,Not_Canceled
660,1,0,1,0,Meal Plan 1,0,Room_Type 1,0,0,80,0,Not_Canceled
661,2,0,0,1,Meal Plan 1,0,Room_Type 1,0,0,139,1,Not_Canceled
662,1,0,0,1,Meal Plan 1,0,Room_Type 1,0,0,66,0,Not_Canceled
663,1,0,0,3,Meal Plan 1,0,Room_Type 1,0,0,115.5,0,Not_Canceled
664,2,1,1,1,Meal Plan 1,1,Room_Type 1,0,0,195.5,2,Not_Canceled
665,2,0,2,0,Meal Plan 2,0,Room_Type 1,0,0,115,1,Canceled
666,1,0,0,1,Meal Plan 2,0,Room_Type 1,0,0,84,0,Not_Canceled
667,2,0,2,1,Not Selected,0,Room_Type 1,0,0,107.8,3,Not_Canceled
668,2,0,0,3,Meal Plan 1,0,Room_Type 1,0,0,105,0,Not_Canceled
669,2,0,2,3,Meal Plan 1,0,Room_Type 1,0,0,78,0,Not_Canceled
670,1,0,0,2,Meal Plan 2,0,Room_Type 1,0,0,90,0,Not_Canceled
671,2,0,1,1,Not Selected,0,Room_Type 1,0,0,105.3,0,Canceled
672,2,0,0,3,Meal Plan 1,0,Room_Type 1,0,0,80.3,1,Not_Canceled
673,1,0,1,0,Meal Plan 2,0,Room_Type 1,0,0,129,1,Not_Canceled
674,2,0,0,2,Meal Plan 2,0,Room_Type 1,0,0,115,1,Canceled
675,2,0,2,0,Not Selected,0,Room_Type 1,0,0,125.1,2,Not_Canceled
676,2,0,0,1,Meal Plan 1,0,Room_Type 1,0,0,103,1,Not_Canceled
677,2,0,2,0,Not Selected,1,Room_Type 1,0,0,125.1,0,Not_Canceled
678,1,0,2,5,Not Selected,0,Room_Type 1,0,0,96.17,1,Canceled
679,2,0,2,2,Meal Plan 1,0,Room_Type 1,0,0,185,0,Not_Canceled
680,2,0,2,0,Not Selected,0,Room_Type 1,0,0,69.74,0,Not_Canceled
681,2,2,2,3,Meal Plan 1,0,Room_Type 6,0,0,172.55,0,Canceled
682,1,0,0,3,Meal Plan 1,1,Room_Type 1,0,0,95,1,Not_Canceled
683,2,1,1,2,Meal Plan 2,0,Room_Type 1,0,0,166.35,2,Not_Canceled
684,2,0,0,1,Not Selected,1,Room_Type 1,0,0,108,1,Not_Canceled
685,2,0,1,3,Meal Plan 1,0,Room_Type 4,0,0,102,0,Not_Canceled
686,2,0,1,2,Meal Plan 1,0,Room_Type 7,0,0,203.73,2,Not_Canceled
687,2,0,2,5,Not Selected,0,Room_Type 1,0,0,78.69,0,Canceled
688,2,0,0,3,Not Selected,0,Room_Type 1,0,0,79.2,0,Canceled
689,1,0,0,2,Meal Plan 1,0,Room_Type 1,0,0,76.5,1,Not_Canceled
690,2,0,0,2,Meal Plan 1,0,Room_Type 1,0,0,100,0,Canceled
691,2,0,0,4,Meal Plan 1,0,Room_Type 1,0,0,88.4,1,Not_Canceled
692,1,0,2,4,Meal Plan 1,0,Room_Type 1,0,0,110,0,Canceled
693,2,0,1,2,Meal Plan 1,0,Room_Type 4,0,0,109.8,0,Canceled
694,2,0,2,1,Meal Plan 1,0,Room_Type 1,0,0,78.3,0,Not_Canceled
695,2,0,0,2,Meal Plan 2,0,Room_Type 1,0,0,101.5,0,Canceled
696,2,0,2,4,Not Selected,0,Room_Type 1,0,0,80.75,1,Not_Canceled
697,2,0,2,2,Meal Plan 1,0,Room_Type 1,0,0,104,2,Not_Canceled
698,2,0,0,3,Not Selected,0,Room_Type 1,0,0,51.19,0,Not_Canceled
699,2,1,0,1,Meal Plan 1,0,Room_Type 1,0,0,150,1,Canceled
700,2,0,1,2,Meal Plan 1,0,Room_Type 4,0,0,127.8,1,Canceled
701,2,0,0,1,Not Selected,0,Room_Type 4,0,0,115,3,Not_Canceled
702,2,0,0,1,Meal Plan 1,0,Room_Type 4,0,0,156,1,Not_Canceled
703,3,0,2,2,Meal Plan 1,0,Room_Type 4,0,0,130.9,0,Canceled
704,2,0,0,3,Not Selected,0,Room_Type 1,0,0,116.1,0,Canceled
705,2,0,2,0,Not Selected,0,Room_Type 1,0,0,71.69,1,Not_Canceled
706,1,1,2,3,Meal Plan 2,0,Room_Type 1,0,0,98.5,1,Not_Canceled
707,2,0,0,3,Not Selected,0,Room_Type 1,0,0,94.5,1,Not_Canceled
708,1,0,0,2,Meal Plan 1,0,Room_Type 1,0,0,130,0,Canceled
709,2,0,2,1,Meal Plan 1,0,Room_Type 1,0,0,76.5,0,Canceled
710,2,0,0,4,Meal Plan 1,0,Room_Type 1,0,0,90.95,0,Canceled
711,2,0,1,3,Meal Plan 1,0,Room_Type 1,0,0,72.75,0,Not_Canceled
712,2,0,0,1,Meal Plan 1,0,Room_Type 1,0,0,93,0,Not_Canceled
713,2,0,0,2,Meal Plan 1,0,Room_Type 4,0,0,168.3,1,Not_Canceled
714,2,0,0,3,Meal Plan 1,0,Room_Type 1,0,0,75,0,Not_Canceled
715,2,0,1,0,Meal Plan 1,0,Room_Type 1,0,0,105,0,Not_Canceled
716,2,0,2,0,Not Selected,1,Room_Type 1,0,0,78.5,1,Not_Canceled
717,2,0,2,5,Meal Plan 1,0,Room_Type 1,0,0,119.7,0,Canceled
718,3,0,0,3,Meal Plan 1,0,Room_Type 4,0,0,168.3,0,Canceled
719,3,0,0,1,Meal Plan 1,0,Room_Type 4,0,0,197,1,Not_Canceled
720,2,0,2,0,Meal Plan 1,0,Room_Type 1,0,0,91,0,Not_Canceled
721,2,0,2,3,Meal Plan 1,0,Room_Type 1,0,0,85,0,Not_Canceled
722,2,0,2,2,Not Selected,0,Room_Type 1,0,0,81,0,Canceled
723,2,0,0,2,Meal Plan 2,0,Room_Type 1,0,0,116,0,Not_Canceled
724,2,0,0,2,Meal Plan 2,0,Room_Type 1,0,0,115,1,Canceled
725,2,1,1,3,Meal Plan 1,0,Room_Type 4,0,0,106,2,Not_Canceled
726,2,0,2,1,Meal Plan 1,0,Room_Type 4,0,0,118.8,0,Canceled
727,2,0,0,3,Meal Plan 1,0,Room_Type 4,0,0,132.3,2,Canceled
728,2,0,1,0,Meal Plan 1,1,Room_Type 4,0,0,146.7,0,Not_Canceled
729,2,0,0,3,Meal Plan 1,0,Room_Type 4,0,0,86.8,1,Not_Canceled
730,2,0,0,4,Meal Plan 2,0,Room_Type 1,0,0,98,0,Not_Canceled
731,2,0,1,1,Meal Plan 1,0,Room_Type 1,0,0,100,1,Not_Canceled
732,2,2,4,10,Meal Plan 1,0,Room_Type 6,0,0,158.95,0,Canceled
733,2,0,2,2,Meal Plan 1,0,Room_Type 4,0,0,119.52,0,Not_Canceled
734,2,0,0,3,Meal Plan 2,0,Room_Type 1,0,0,117,1,Not_Canceled
735,2,0,0,3,Meal Plan 1,0,Room_Type 4,0,0,140.67,0,Canceled
736,2,0,2,3,Meal Plan 1,0,Room_Type 1,0,0,94.95,1,Not_Canceled
737,2,0,2,5,Not Selected,0,Room_Type 1,0,0,109.65,0,Canceled
738,2,0,1,2,Not Selected,0,Room_Type 1,0,0,120,0,Not_Canceled
739,2,0,1,2,Meal Plan 1,0,Room_Type 1,0,0,67.22,0,Not_Canceled
740,1,0,0,3,Meal Plan 1,0,Room_Type 2,0,0,62,0,Not_Canceled
741,2,0,0,1,Not Selected,0,Room_Type 1,0,0,91,0,Not_Canceled
742,2,0,2,4,Meal Plan 1,0,Room_Type 1,0,0,68,0,Not_Canceled
743,2,0,0,3,Meal Plan 1,0,Room_Type 1,0,0,89,0,Canceled
744,2,0,2,1,Meal Plan 2,0,Room_Type 1,0,0,94.5,0,Not_Canceled
745,3,0,1,2,Meal Plan 1,0,Room_Type 4,0,0,187,1,Canceled
746,3,0,0,4,Meal Plan 2,0,Room_Type 1,0,0,122.65,0,Not_Canceled
747,1,0,0,1,Meal Plan 1,0,Room_Type 1,0,0,68,1,Not_Canceled
748,3,0,1,1,Meal Plan 1,0,Room_Type 4,0,0,131.4,1,Canceled
749,2,0,2,3,Meal Plan 2,0,Room_Type 1,0,0,149.4,0,Canceled
750,1,0,0,2,Meal Plan 1,0,Room_Type 1,0,0,100,0,Not_Canceled
751,2,0,1,1,Meal Plan 2,0,Room_Type 1,0,0,115,1,Canceled
752,2,0,0,3,Meal Plan 1,0,Room_Type 1,0,0,160,2,Not_Canceled
753,2,1,2,1,Meal Plan 1,0,Room_Type 1,0,0,127.67,2,Not_Canceled
754,2,0,0,3,Not Selected,0,Room_Type 1,0,0,79.2,2,Not_Canceled
755,2,0,0,2,Meal Plan 1,0,Room_Type 1,0,0,69,2,Not_Canceled
756,2,0,0,4,Meal Plan 2,0,Room_Type 1,0,0,117,1,Canceled
757,2,0,1,1,Meal Plan 1,0,Room_Type 1,0,0,70,0,Canceled
758,3,0,0,3,Meal Plan 1,0,Room_Type 4,0,0,114.3,2,Not_Canceled
759,1,0,0,3,Meal Plan 1,0,Room_Type 1,0,0,110,0,Canceled
760,1,2,0,3,Meal Plan 1,0,Room_Type 6,0,0,181.8,1,Not_Canceled
761,2,0,2,2,Not Selected,0,Room_Type 1,0,0,75.65,1,Canceled
762,2,0,2,3,Meal Plan 1,0,Room_Type 1,0,0,77.23,2,Not_Canceled
763,2,0,2,1,Meal Plan 1,0,Room_Type 1,0,0,65,0,Not_Canceled
764,2,0,0,2,Meal Plan 2,0,Room_Type 1,0,0,115,0,Canceled
765,2,0,1,1,Meal Plan 1,0,Room_Type 4,0,0,118.8,0,Canceled
766,2,0,0,4,Meal Plan 1,0,Room_Type 4,0,0,127.48,1,Not_Canceled
767,2,0,1,2,Meal Plan 1,0,Room_Type 4,0,0,114.3,0,Not_Canceled
768,2,0,2,2,Meal Plan 1,0,Room_Type 4,0,0,87.2,0,Not_Canceled
769,2,0,0,2,Meal Plan 2,0,Room_Type 1,0,0,101.5,0,Canceled
770,1,0,0,2,Meal Plan 1,0,Room_Type 1,0,0,100,0,Not_Canceled
771,2,0,0,4,Not Selected,0,Room_Type 1,0,0,91.38,1,Not_Canceled
772,2,1,3,9,Meal Plan 1,0,Room_Type 1,0,0,119.71,1,Canceled
773,2,0,0,1,Not Selected,0,Room_Type 1,0,0,119,0,Not_Canceled
774,2,0,0,1,Not Selected,0,Room_Type 1,0,0,139,1,Not_Canceled
775,2,0,1,3,Meal Plan 1,0,Room_Type 1,0,0,109.8,1,Not_Canceled
776,1,0,0,3,Meal Plan 1,0,Room_Type 1,3,15,65,0,Not_Canceled
777,2,0,0,1,Meal Plan 1,0,Room_Type 4,0,0,131.4,0,Canceled
778,2,0,0,3,Meal Plan 1,0,Room_Type 1,0,0,96.3,3,Not_Canceled
779,1,0,1,2,Meal Plan 1,0,Room_Type 1,0,1,0,1,Not_Canceled
780,2,0,0,2,Meal Plan 1,0,Room_Type 4,0,0,137,1,Not_Canceled
781,2,0,0,2,Meal Plan 1,0,Room_Type 1,0,0,75,0,Canceled
782,3,0,0,3,Meal Plan 1,0,Room_Type 1,0,0,92.65,0,Not_Canceled
783,2,0,1,1,Meal Plan 1,0,Room_Type 1,0,0,62.8,0,Canceled
784,2,0,0,1,Meal Plan 1,0,Room_Type 1,0,0,160,0,Canceled
785,1,0,0,2,Meal Plan 2,0,Room_Type 1,0,0,90,0,Not_Canceled
786,2,0,3,5,Meal Plan 1,1,Room_Type 1,0,0,81.26,2,Not_Canceled
787,1,0,0,4,Meal Plan 1,0,Room_Type 1,0,0,114.75,1,Canceled
788,2,0,1,2,Meal Plan 1,0,Room_Type 1,0,0,99.3,0,Not_Canceled
789,1,0,1,0,Meal Plan 1,0,Room_Type 1,0,0,89,0,Not_Canceled
790,2,0,0,2,Meal Plan 1,0,Room_Type 1,0,0,85,0,Canceled
791,2,0,2,2,Meal Plan 1,0,Room_Type 1,0,0,75,0,Canceled
792,2,0,0,2,Meal Plan 1,0,Room_Type 1,1,0,102.6,0,Not_Canceled
793,2,0,2,2,Meal Plan 1,0,Room_Type 4,0,0,90.95,0,Not_Canceled
794,2,0,1,1,Meal Plan 2,0,Room_Type 1,0,0,115,1,Canceled
795,2,0,2,1,Meal Plan 1,0,Room_Type 1,0,0,78.3,0,Canceled
796,1,0,0,1,Meal Plan 1,0,Room_Type 1,0,0,121.5,0,Canceled
797,1,0,0,3,Meal Plan 1,0,Room_Type 1,0,0,120,0,Not_Canceled
798,2,0,0,4,Meal Plan 1,0,Room_Type 1,0,0,105.4,1,Canceled
799,2,0,1,2,Meal Plan 1,0,Room_Type 4,0,0,101.87,1,Not_Canceled
800,1,0,0,1,Meal Plan 1,0,Room_Type 1,3,17,65,0,Not_Canceled
801,2,0,0,2,Meal Plan 1,1,Room_Type 1,0,0,116,0,Not_Canceled
802,1,0,0,1,Not Selected,0,Room_Type 1,0,0,69.3,1,Not_Canceled
803,1,0,0,2,Meal Plan 1,0,Room_Type 1,0,0,90.25,2,Not_Canceled
804,2,0,2,3,Meal Plan 1,0,Room_Type 1,0,0,119.85,0,Canceled
805,2,0,1,0,Meal Plan 1,0,Room_Type 1,0,0,76.5,2,Not_Canceled
806,2,0,0,3,Not Selected,0,Room_Type 1,0,0,109,2,Not_Canceled
807,2,0,1,1,Meal Plan 1,0,Room_Type 1,0,0,126.9,1,Not_Canceled
808,1,0,0,1,Meal Plan 1,0,Room_Type 1,0,0,65,0,Not_Canceled
809,1,0,1,1,Meal Plan 1,0,Room_Type 1,0,0,86,0,Not_Canceled
810,2,0,1,3,Not Selected,0,Room_Type 1,0,0,139,1,Not_Canceled
811,2,0,2,0,Meal Plan 1,0,Room_Type 2,0,0,109.8,1,Not_Canceled
812,2,0,2,3,Meal Plan 1,0,Room_Type 4,0,0,132.6,0,Canceled
813,1,0,1,2,Meal Plan 1,0,Room_Type 1,0,0,75.33,0,Not_Canceled
814,1,0,0,2,Meal Plan 1,0,Room_Type 1,0,0,65,0,Not_Canceled
815,2,0,2,1,Meal Plan 1,0,Room_Type 1,0,0,68,0,Not_Canceled
816,2,1,4,6,Meal Plan 1,0,Room_Type 1,0,0,113.85,0,Not_Canceled
817,2,0,0,3,Meal Plan 1,0,Room_Type 1,0,0,96.3,0,Not_Canceled
818,2,0,0,3,Not Selected,0,Room_Type 1,0,0,79.5,2,Canceled
819,1,0,0,2,Meal Plan 1,0,Room_Type 1,0,1,40,1,Not_Canceled
820,1,0,2,1,Meal Plan 1,0,Room_Type 1,0,0,76,0,Not_Canceled
821,2,0,1,1,Meal Plan 1,0,Room_Type 4,0,0,90.95,0,Not_Canceled
822,2,0,0,1,Meal Plan 2,0,Room_Type 1,0,0,104,0,Not_Canceled
823,2,0,1,1,Meal Plan 2,0,Room_Type 1,0,0,109,0,Canceled
824,2,0,0,2,Meal Plan 2,0,Room_Type 1,0,0,109,0,Not_Canceled
825,1,0,0,1,Meal Plan 1,0,Room_Type 1,0,0,75,0,Not_Canceled
826,3,0,1,1,Meal Plan 1,0,Room_Type 4,0,0,150.3,2,Not_Canceled
827,2,0,0,1,Meal Plan 1,0,Room_Type 1,0,0,120,0,Not_Canceled
828,2,0,2,1,Meal Plan 2,0,Room_Type 1,0,0,94.5,0,Not_Canceled
829,2,0,2,1,Not Selected,1,Room_Type 1,0,0,103.5,0,Canceled
830,1,0,0,3,Meal Plan 1,0,Room_Type 1,0,0,110,0,Canceled
831,2,0,2,3,Meal Plan 1,0,Room_Type 1,0,0,78,0,Canceled
832,2,0,2,3,Meal Plan 1,0,Room_Type 1,0,0,85,0,Not_Canceled
833,1,0,0,1,Meal Plan 1,0,Room_Type 1,0,1,0,0,Not_Canceled
834,2,0,0,2,Meal Plan 1,0,Room_Type 1,0,0,130,1,Not_Canceled
835,1,0,0,3,Meal Plan 1,0,Room_Type 6,0,0,187.85,0,Canceled
836,3,0,0,3,Meal Plan 1,0,Room_Type 4,0,0,168.3,2,Not_Canceled
837,2,0,0,4,Not Selected,0,Room_Type 1,0,0,74.8,2,Not_Canceled
838,2,0,2,3,Meal Plan 1,0,Room_Type 4,0,0,112.2,0,Canceled
839,2,0,1,0,Meal Plan 1,1,Room_Type 4,0,0,106,1,Not_Canceled
840,2,0,2,3,Meal Plan 1,0,Room_Type 4,0,0,134.46,2,Canceled
841,1,0,1,0,Meal Plan 1,0,Room_Type 1,0,0,108,1,Not_Canceled
842,2,0,0,5,Meal Plan 1,0,Room_Type 1,0,0,90.95,1,Not_Canceled
843,1,0,2,1,Not Selected,0,Room_Type 1,0,0,79,0,Canceled
844,3,0,0,2,Meal Plan 1,0,Room_Type 4,0,0,168.3,3,Not_Canceled
845,2,0,0,2,Meal Plan 2,0,Room_Type 1,0,0,101.5,0,Not_Canceled
846,2,0,0,2,Meal Plan 2,0,Room_Type 1,0,0,82,0,Not_Canceled
847,2,0,0,2,Meal Plan 1,0,Room_Type 1,0,0,110,1,Not_Canceled
848,2,1,0,1,Meal Plan 1,0,Room_Type 1,0,1,106,3,Not_Canceled
849,2,0,1,2,Meal Plan 2,0,Room_Type 1,0,0,102.25,1,Canceled
850,1,0,0,1,Meal Plan 1,0,Room_Type 1,0,0,95,0,Not_Canceled
851,1,0,0,1,Meal Plan 1,0,Room_Type 1,0,0,85.5,0,Not_Canceled
852,2,1,1,2,Meal Plan 1,0,Room_Type 1,0,0,102.37,1,Not_Canceled
853,2,0,0,1,Not Selected,0,Room_Type 1,0,0,129,1,Not_Canceled
854,2,0,0,1,Meal Plan 1,0,Room_Type 1,0,0,106,2,Not_Canceled
855,2,0,0,2,Meal Plan 1,0,Room_Type 4,0,0,102.6,0,Not_Canceled
856,1,0,0,2,Meal Plan 1,0,Room_Type 1,0,0,92.4,1,Not_Canceled
857,2,0,1,2,Not Selected,0,Room_Type 1,0,0,82.1,1,Not_Canceled
858,2,0,1,0,Meal Plan 1,0,Room_Type 1,0,0,105.3,1,Canceled
859,2,1,1,4,Meal Plan 1,0,Room_Type 1,0,0,135,1,Canceled
860,2,0,0,3,Meal Plan 1,0,Room_Type 1,0,0,130,0,Canceled
861,2,0,1,1,Not Selected,0,Room_Type 1,0,0,76.5,0,Canceled
862,2,0,2,1,Not Selected,0,Room_Type 1,0,0,108,2,Not_Canceled
863,2,0,0,2,Meal Plan 1,0,Room_Type 1,0,0,85,0,Not_Canceled
864,2,0,1,1,Meal Plan 1,0,Room_Type 4,0,0,107,0,Not_Canceled
865,2,0,0,2,Meal Plan 1,0,Room_Type 1,0,0,85,2,Not_Canceled
866,2,0,2,3,Meal Plan 1,0,Room_Type 1,0,0,73.95,0,Canceled
867,2,0,0,2,Meal Plan 1,0,Room_Type 1,0,0,88.4,0,Not_Canceled
868,1,0,0,1,Meal Plan 1,1,Room_Type 1,0,2,67,1,Not_Canceled
869,1,0,0,3,Meal Plan 1,0,Room_Type 4,0,0,76,0,Not_Canceled
870,1,0,2,2,Meal Plan 1,0,Room_Type 1,0,0,81,0,Not_Canceled
871,2,0,1,2,Meal Plan 2,0,Room_Type 1,0,0,160,0,Canceled
872,1,0,2,0,Meal Plan 1,0,Room_Type 1,0,0,150,2,Not_Canceled
873,1,0,0,1,Meal Plan 1,0,Room_Type 1,0,0,90,0,Not_Canceled
874,2,0,0,2,Meal Plan 2,0,Room_Type 1,0,0,106,0,Not_Canceled
875,2,0,2,2,Not Selected,0,Room_Type 1,0,0,89.25,0,Canceled
876,2,1,2,1,Not Selected,0,Room_Type 1,0,0,94,1,Not_Canceled
877,1,0,0,2,Meal Plan 1,0,Room_Type 1,0,0,120,0,Canceled
878,2,0,0,1,Not Selected,0,Room_Type 1,0,0,125.1,2,Not_Canceled
879,2,0,2,2,Meal Plan 1,0,Room_Type 4,0,0,60,0,Not_Canceled
880,2,0,2,0,Meal Plan 1,0,Room_Type 1,0,0,75,0,Not_Canceled
881,2,0,0,1,Meal Plan 1,0,Room_Type 1,0,0,125.1,0,Not_Canceled
882,2,0,2,3,Meal Plan 1,0,Room_Type 4,0,0,96.9,1,Not_Canceled
883,2,0,1,2,Meal Plan 1,0,Room_Type 4,1,0,93.8,0,Not_Canceled
884,2,0,0,2,Meal Plan 1,0,Room_Type 1,0,0,98.1,1,Canceled
885,2,0,2,2,Meal Plan 1,0,Room_Type 1,0,0,64.64,0,Not_Canceled
886,2,0,1,1,Meal Plan 1,0,Room_Type 1,0,0,105,1,Not_Canceled
887,2,0,1,0,Meal Plan 1,0,Room_Type 1,0,0,90,0,Canceled
888,2,0,2,2,Meal Plan 1,0,Room_Type 1,0,0,74.8,1,Not_Canceled
889,2,0,0,5,Meal Plan 1,0,Room_Type 1,0,0,90.95,2,Canceled
890,1,0,1,0,Meal Plan 1,0,Room_Type 1,0,0,59.5,0,Not_Canceled
891,2,0,2,1,Meal Plan 2,0,Room_Type 1,0,0,94.5,0,Canceled
892,2,0,0,3,Meal Plan 1,0,Room_Type 4,0,0,140.4,0,Canceled
893,1,0,2,4,Meal Plan 1,0,Room_Type 1,0,0,110,0,Canceled
894,1,0,1,0,Meal Plan 1,0,Room_Type 1,0,2,95,0,Not_Canceled
895,2,0,0,2,Meal Plan 2,0,Room_Type 1,0,0,109,1,Not_Canceled
896,2,0,2,1,Not Selected,1,Room_Type 1,0,0,66,1,Not_Canceled
897,1,0,0,1,Meal Plan 1,0,Room_Type 1,2,7,0,3,Not_Canceled
898,1,0,2,7,Meal Plan 1,0,Room_Type 1,0,0,88.33,0,Canceled
899,2,0,0,3,Meal Plan 1,0,Room_Type 1,0,0,105,0,Not_Canceled
900,2,0,1,2,Meal Plan 1,0,Room_Type 1,0,0,95,0,Canceled
901,2,1,0,3,Meal Plan 1,0,Room_Type 1,0,0,143.1,1,Canceled
902,2,0,0,2,Meal Plan 2,0,Room_Type 1,0,0,114,1,Canceled
903,2,0,2,5,Meal Plan 1,0,Room_Type 1,0,0,75.6,1,Not_Canceled
904,2,0,0,3,Meal Plan 1,0,Room_Type 1,0,0,135.9,3,Not_Canceled
905,2,0,2,1,Meal Plan 1,0,Room_Type 1,0,0,108.9,2,Canceled
906,2,0,1,2,Meal Plan 1,0,Room_Type 1,0,0,70,0,Not_Canceled
907,2,0,1,1,Meal Plan 1,0,Room_Type 1,0,0,93.6,0,Canceled
908,2,0,0,1,Not Selected,0,Room_Type 1,0,0,125.1,1,Not_Canceled
909,1,0,0,1,Meal Plan 2,0,Room_Type 1,0,0,73,0,Not_Canceled
910,2,0,1,0,Meal Plan 1,0,Room_Type 1,0,0,67,0,Not_Canceled
911,2,0,0,3,Meal Plan 1,0,Room_Type 1,0,0,70,0,Not_Canceled
912,2,0,2,0,Meal Plan 1,0,Room_Type 4,0,0,115.2,0,Canceled
913,1,0,0,1,Meal Plan 1,0,Room_Type 1,0,0,75,0,Not_Canceled
914,2,0,0,2,Meal Plan 2,0,Room_Type 1,0,0,116,0,Not_Canceled
915,1,0,1,0,Meal Plan 1,0,Room_Type 1,0,0,81,0,Not_Canceled
916,1,0,2,0,Meal Plan 1,0,Room_Type 1,0,0,92.4,1,Not_Canceled
917,1,0,0,1,Meal Plan 1,0,Room_Type 1,0,0,69.84,0,Not_Canceled
918,1,0,0,2,Meal Plan 1,0,Room_Type 1,0,0,87.5,0,Not_Canceled
919,2,0,1,2,Meal Plan 1,0,Room_Type 1,0,0,55.59,0,Not_Canceled
920,2,0,2,5,Meal Plan 1,0,Room_Type 1,0,0,101.83,1,Not_Canceled
921,2,0,0,3,Meal Plan 1,0,Room_Type 1,0,0,125.1,0,Canceled
922,1,0,1,1,Meal Plan 1,0,Room_Type 1,0,0,79,0,Not_Canceled
923,3,0,0,3,Meal Plan 1,0,Room_Type 4,0,0,122.4,0,Not_Canceled
924,2,0,1,3,Meal Plan 1,0,Room_Type 4,0,0,112.2,1,Canceled
925,2,0,1,3,Meal Plan 1,0,Room_Type 4,0,0,113.34,1,Not_Canceled
926,2,0,1,0,Not Selected,0,Room_Type 1,0,0,126,0,Canceled
927,2,0,2,1,Meal Plan 2,0,Room_Type 1,0,0,112.25,1,Not_Canceled
928,3,0,1,2,Meal Plan 1,0,Room_Type 4,0,0,159.3,0,Canceled
929,2,0,2,1,Meal Plan 1,0,Room_Type 1,0,0,85,0,Not_Canceled
930,2,0,0,3,Meal Plan 1,0,Room_Type 4,0,0,146,1,Not_Canceled
931,1,0,0,3,Meal Plan 1,0,Room_Type 1,0,0,75,0,Not_Canceled
932,1,0,2,2,Meal Plan 1,0,Room_Type 1,0,0,115,0,Canceled
933,2,1,2,3,Meal Plan 1,0,Room_Type 1,0,0,168.5,2,Not_Canceled
934,1,0,0,2,Meal Plan 1,0,Room_Type 1,0,0,80,1,Canceled
935,2,0,0,3,Meal Plan 1,0,Room_Type 1,0,0,159,2,Not_Canceled
936,2,0,0,3,Meal Plan 1,0,Room_Type 4,0,0,156,1,Not_Canceled
937,0,2,0,3,Meal Plan 1,0,Room_Type 2,0,0,6.67,1,Not_Canceled
938,1,0,0,2,Meal Plan 2,0,Room_Type 1,0,0,80,0,Canceled
939,2,0,0,2,Meal Plan 1,0,Room_Type 1,0,0,128.8,1,Not_Canceled
940,1,0,2,1,Meal Plan 1,0,Room_Type 1,0,0,71.64,0,Not_Canceled
941,2,0,0,3,Meal Plan 1,0,Room_Type 1,0,0,80.3,1,Not_Canceled
942,2,0,0,3,Meal Plan 1,0,Room_Type 1,0,0,65,0,Not_Canceled
943,2,0,2,3,Meal Plan 1,0,Room_Type 1,0,0,74.15,2,Not_Canceled
944,2,0,1,1,Meal Plan 1,0,Room_Type 1,0,0,124,2,Not_Canceled
945,1,0,0,2,Meal Plan 1,0,Room_Type 4,0,0,75,0,Canceled
946,3,0,0,1,Meal Plan 1,0,Room_Type 4,0,0,168.3,2,Not_Canceled
947,2,0,0,2,Meal Plan 1,0,Room_Type 1,0,0,85,0,Not_Canceled
948,2,0,0,4,Meal Plan 1,0,Room_Type 2,0,0,67.5,1,Canceled
949,2,0,0,3,Meal Plan 2,0,Room_Type 1,0,0,160,0,Not_Canceled
950,2,0,1,1,Not Selected,0,Room_Type 1,0,0,80.1,0,Canceled
951,2,0,0,2,Meal Plan 1,0,Room_Type 1,0,0,75,0,Not_Canceled
952,2,0,2,2,Meal Plan 1,0,Room_Type 1,0,0,126.9,2,Not_Canceled
953,1,0,2,1,Meal Plan 1,0,Room_Type 1,0,0,115,0,Canceled
954,0,2,1,1,Meal Plan 1,0,Room_Type 2,0,0,81.5,2,Not_Canceled
955,2,0,0,1,Meal Plan 1,0,Room_Type 4,0,0,166,1,Not_Canceled
956,1,0,2,3,Meal Plan 1,0,Room_Type 1,0,0,143.3,1,Not_Canceled
957,2,2,2,1,Meal Plan 2,0,Room_Type 6,0,0,228.6,0,Canceled
958,2,0,2,1,Meal Plan 1,0,Room_Type 4,0,0,107,0,Not_Canceled
959,2,0,0,1,Meal Plan 1,0,Room_Type 1,0,0,130,1,Not_Canceled
960,2,0,0,2,Meal Plan 1,0,Room_Type 1,0,0,96,1,Not_Canceled
961,2,0,2,1,Not Selected,0,Room_Type 1,0,0,91.51,1,Not_Canceled
962,2,0,1,0,Meal Plan 1,0,Room_Type 1,0,0,90,2,Not_Canceled
963,2,0,1,2,Meal Plan 2,0,Room_Type 1,0,0,107,0,Canceled
964,2,0,0,4,Meal Plan 1,0,Room_Type 1,0,0,80,1,Not_Canceled
965,1,0,2,4,Meal Plan 1,0,Room_Type 1,0,0,110,0,Canceled
966,2,0,0,3,Not Selected,1,Room_Type 1,0,0,114.9,1,Not_Canceled
967,2,0,0,3,Meal Plan 2,0,Room_Type 1,0,0,90,1,Not_Canceled
968,2,0,0,1,Meal Plan 1,0,Room_Type 1,0,0,75,0,Canceled
969,1,0,0,2,Meal Plan 1,0,Room_Type 1,0,0,95,0,Not_Canceled
970,2,0,1,3,Meal Plan 1,0,Room_Type 1,0,0,124,2,Not_Canceled
971,2,0,0,4,Not Selected,0,Room_Type 1,0,0,118.8,3,Not_Canceled
972,2,0,0,3,Meal Plan 1,0,Room_Type 1,0,0,101,1,Not_Canceled
973,2,0,0,2,Meal Plan 1,0,Room_Type 4,0,0,131,1,Not_Canceled
974,2,0,0,2,Meal Plan 1,0,Room_Type 1,0,0,90,0,Not_Canceled
975,2,0,2,2,Meal Plan 1,0,Room_Type 1,0,0,65,0,Not_Canceled
976,3,0,0,4,Meal Plan 1,1,Room_Type 4,0,0,146.7,2,Not_Canceled
977,1,0,0,2,Meal Plan 1,0,Room_Type 1,0,0,100,0,Not_Canceled
978,2,0,0,2,Meal Plan 1,0,Room_Type 1,0,0,118.8,1,Not_Canceled
979,2,0,1,2,Not Selected,0,Room_Type 1,0,0,69.9,0,Canceled
980,2,0,2,1,Meal Plan 1,0,Room_Type 1,0,0,85.5,0,Not_Canceled
981,3,0,0,2,Meal Plan 1,0,Room_Type 4,0,0,169,3,Not_Canceled
982,2,0,1,2,Meal Plan 1,1,Room_Type 1,0,0,126.9,1,Not_Canceled
983,2,0,2,5,Meal Plan 1,0,Room_Type 1,0,0,85,0,Not_Canceled
984,2,0,1,1,Meal Plan 1,0,Room_Type 1,0,0,114.5,2,Not_Canceled
985,1,0,2,2,Not Selected,0,Room_Type 1,0,0,141.53,2,Not_Canceled
986,2,0,0,4,Meal Plan 1,0,Room_Type 1,0,0,88.7,0,Not_Canceled
987,2,0,1,3,Meal Plan 1,0,Room_Type 1,0,0,89.25,0,Not_Canceled
988,2,0,1,0,Meal Plan 1,0,Room_Type 4,0,0,0,0,Not_Canceled
989,2,0,1,2,Not Selected,0,Room_Type 1,0,0,161.1,2,Not_Canceled
990,2,0,0,2,Not Selected,0,Room_Type 1,0,0,81,1,Not_Canceled
991,3,0,2,2,Meal Plan 1,0,Room_Type 4,0,0,144.5,1,Not_Canceled
992,1,0,2,3,Not Selected,0,Room_Type 1,0,0,103.5,0,Not_Canceled
993,2,1,1,2,Meal Plan 1,0,Room_Type 1,0,0,135,0,Canceled
994,2,0,1,1,Meal Plan 1,0,Room_Type 1,0,0,102.15,1,Not_Canceled
995,2,0,1,2,Meal Plan 1,0,Room_Type 1,0,0,95,0,Canceled
996,1,0,0,1,Meal Plan 1,0,Room_Type 1,0,0,0,0,Not_Canceled
997,1,0,0,1,Meal Plan 1,0,Room_Type 1,0,0,86.4,1,Not_Canceled
998,2,0,2,3,Not Selected,0,Room_Type 1,0,0,66.53,1,Not_Canceled
999,2,0,2,5,Meal Plan 1,0,Room_Type 1,0,0,79.54,1,Not_Canceled
1000,2,0,0,4,Meal Plan 1,0,Room_Type 4,0,0,112.8,0,Canceled
1001,2,0,1,1,Meal Plan 2,0,Room_Type 1,0,0,112.2,0,Not_Canceled
1002,2,0,2,3,Meal Plan 1,0,Room_Type 1,0,0,75.6,0,Not_Canceled
1003,2,0,0,4,Meal Plan 1,0,Room_Type 4,0,0,118.15,1,Not_Canceled
1004,2,0,1,2,Meal Plan 1,0,Room_Type 1,0,0,121,2,Not_Canceled
1005,1,0,0,1,Meal Plan 1,0,Room_Type 1,0,2,0,0,Not_Canceled
1006,1,0,0,1,Meal Plan 1,0,Room_Type 1,0,0,95,1,Not_Canceled
1007,2,0,0,2,Meal Plan 1,0,Room_Type 1,0,0,91,1,Canceled
1008,2,0,0,2,Not Selected,0,Room_Type 1,0,0,99.33,1,Not_Canceled
1009,3,1,0,4,Meal Plan 1,0,Room_Type 7,0,0,139.5,1,Not_Canceled
1010,3,0,2,1,Meal Plan 1,0,Room_Type 4,0,0,150.33,0,Not_Canceled
1011,2,0,0,1,Not Selected,0,Room_Type 1,0,0,69.5,1,Not_Canceled
1012,2,0,0,2,Not Selected,0,Room_Type 1,0,0,94.5,1,Not_Canceled
1013,2,0,1,2,Meal Plan 1,0,Room_Type 1,0,0,85,0,Not_Canceled
1014,2,0,0,4,Meal Plan 1,0,Room_Type 2,0,0,81.82,1,Canceled
1015,3,0,0,4,Meal Plan 1,0,Room_Type 1,0,0,105,0,Not_Canceled
1016,2,0,2,3,Meal Plan 1,0,Room_Type 1,0,0,123.8,0,Canceled
1017,2,1,1,3,Meal Plan 1,0,Room_Type 1,0,0,93,2,Not_Canceled
1018,2,0,0,2,Meal Plan 2,0,Room_Type 1,0,0,116,0,Not_Canceled
1019,1,2,2,3,Meal Plan 1,0,Room_Type 6,0,0,215,0,Canceled
1020,2,0,0,2,Meal Plan 1,0,Room_Type 1,0,0,85,0,Canceled
1021,2,0,0,5,Meal Plan 1,0,Room_Type 1,0,0,114.66,1,Not_Canceled
1022,2,0,2,3,Meal Plan 1,0,Room_Type 1,0,0,78,1,Not_Canceled
1023,1,0,1,1,Meal Plan 1,0,Room_Type 1,0,0,110,0,Not_Canceled
1024,2,0,0,2,Meal Plan 2,0,Room_Type 1,0,0,101.5,0,Not_Canceled
1025,2,0,0,3,Meal Plan 1,0,Room_Type 1,0,0,89,0,Canceled
1026,3,0,0,3,Meal Plan 1,0,Room_Type 4,0,0,167,0,Canceled
1027,2,0,0,1,Not Selected,0,Room_Type 1,0,0,89,0,Not_Canceled
1028,2,0,1,2,Meal Plan 1,0,Room_Type 1,0,0,105.9,2,Not_Canceled
1029,2,0,0,4,Meal Plan 1,0,Room_Type 1,0,0,90.95,0,Canceled
1030,2,0,1,2,Meal Plan 1,0,Room_Type 1,0,0,85,0,Not_Canceled
1031,2,0,0,3,Meal Plan 1,0,Room_Type 1,0,0,60,0,Not_Canceled
1032,1,0,0,2,Meal Plan 1,0,Room_Type 1,0,0,95,0,Not_Canceled
1033,2,0,1,0,Meal Plan 1,0,Room_Type 1,0,0,105.3,1,Canceled
1034,2,0,1,0,Not Selected,0,Room_Type 1,0,0,108,3,Not_Canceled
1035,2,0,0,4,Meal Plan 1,0,Room_Type 1,0,0,90.1,2,Canceled
1036,2,0,1,2,Not Selected,0,Room_Type 1,0,0,79,1,Canceled
1037,2,0,0,3,Meal Plan 1,0,Room_Type 1,0,0,116.27,1,Not_Canceled
1038,1,0,0,1,Meal Plan 1,0,Room_Type 1,0,0,106.25,0,Not_Canceled
1039,2,0,2,2,Not Selected,0,Room_Type 1,0,0,74.8,3,Not_Canceled
1040,2,0,2,1,Meal Plan 2,0,Room_Type 1,0,0,94.5,0,Canceled
1041,2,1,1,2,Meal Plan 1,0,Room_Type 1,0,0,149,0,Canceled
1042,2,0,0,3,Meal Plan 1,0,Room_Type 4,0,0,106.8,0,Not_Canceled
1043,1,0,1,2,Meal Plan 1,0,Room_Type 1,0,0,76.67,1,Not_Canceled
1044,2,0,1,1,Meal Plan 1,0,Room_Type 4,0,0,105.3,0,Canceled
1045,2,0,1,5,Meal Plan 1,0,Room_Type 1,0,0,105,2,Not_Canceled
1046,1,0,0,2,Meal Plan 2,0,Room_Type 1,0,0,0,0,Not_Canceled
1047,2,0,1,2,Meal Plan 1,0,Room_Type 1,0,0,89,0,Canceled
1048,1,0,0,1,Meal Plan 1,0,Room_Type 1,0,0,86,1,Not_Canceled
1049,1,0,1,1,Meal Plan 1,0,Room_Type 1,0,1,80,0,Not_Canceled
1050,1,0,0,3,Meal Plan 1,0,Room_Type 1,0,0,90.9,1,Not_Canceled
1051,2,0,0,4,Meal Plan 1,0,Room_Type 1,0,0,100,0,Canceled
1052,2,1,2,0,Not Selected,0,Room_Type 1,0,0,107.1,1,Not_Canceled
1053,2,0,0,3,Meal Plan 1,0,Room_Type 1,0,0,89,1,Not_Canceled
1054,2,0,0,5,Not Selected,0,Room_Type 1,0,0,103.5,0,Canceled
1055,2,0,1,1,Meal Plan 1,0,Room_Type 1,0,0,118.5,1,Not_Canceled
1056,2,0,1,3,Meal Plan 1,0,Room_Type 1,0,0,85,0,Not_Canceled
1057,1,0,0,2,Meal Plan 1,0,Room_Type 1,0,0,115,0,Canceled
1058,2,0,0,1,Not Selected,0,Room_Type 1,0,0,79.2,1,Not_Canceled
1059,2,0,0,4,Meal Plan 2,0,Room_Type 1,0,0,105,0,Not_Canceled
1060,2,0,0,1,Meal Plan 1,0,Room_Type 1,0,0,72,1,Not_Canceled
1061,1,0,0,4,Not Selected,0,Room_Type 1,0,0,121.5,1,Not_Canceled
1062,1,0,2,2,Meal Plan 1,0,Room_Type 1,0,0,98.21,0,Not_Canceled
1063,2,0,1,1,Not Selected,0,Room_Type 1,0,0,89.1,1,Not_Canceled
1064,2,0,2,3,Meal Plan 1,0,Room_Type 4,0,0,77.53,0,Not_Canceled
1065,2,0,1,0,Meal Plan 1,0,Room_Type 1,0,0,0,0,Not_Canceled
1066,2,0,0,2,Meal Plan 1,0,Room_Type 1,0,0,135.9,1,Not_Canceled
1067,2,0,2,2,Meal Plan 1,0,Room_Type 4,0,0,134,1,Not_Canceled
1068,2,0,1,2,Meal Plan 1,0,Room_Type 1,0,0,103,1,Not_Canceled
1069,2,0,1,2,Meal Plan 1,0,Room_Type 1,0,0,90,0,Canceled
1070,2,0,1,1,Meal Plan 1,0,Room_Type 1,0,0,95,0,Not_Canceled
1071,2,1,1,0,Meal Plan 1,0,Room_Type 1,0,0,111.6,2,Not_Canceled
1072,2,0,2,1,Meal Plan 2,0,Room_Type 1,0,0,94.5,0,Canceled
1073,3,0,2,2,Meal Plan 1,0,Room_Type 4,0,0,180.5,0,Canceled
1074,2,0,2,3,Meal Plan 1,0,Room_Type 1,0,0,49.74,0,Canceled
1075,2,0,2,3,Meal Plan 1,0,Room_Type 4,0,0,110.15,1,Not_Canceled
1076,1,0,0,3,Meal Plan 1,0,Room_Type 1,0,0,65,0,Not_Canceled
1077,2,0,1,5,Meal Plan 1,0,Room_Type 1,0,0,142,0,Canceled
1078,2,0,1,2,Not Selected,0,Room_Type 1,0,0,122.33,0,Canceled
1079,2,0,0,2,Meal Plan 2,0,Room_Type 1,0,0,101.5,0,Canceled
1080,2,0,0,3,Meal Plan 1,0,Room_Type 1,0,0,80.3,0,Not_Canceled
1081,2,0,0,1,Not Selected,0,Room_Type 1,0,0,125.1,1,Not_Canceled
1082,2,0,2,3,Meal Plan 1,0,Room_Type 2,0,0,95.79,1,Not_Canceled
1083,2,0,0,2,Meal Plan 2,0,Room_Type 1,0,0,115,0,Canceled
1084,2,0,1,2,Meal Plan 1,0,Room_Type 1,0,0,96,1,Canceled
1085,2,0,0,2,Not Selected,0,Room_Type 1,0,0,110,1,Canceled
1086,2,0,0,3,Meal Plan 1,0,Room_Type 1,0,0,75,0,Not_Canceled
1087,1,0,0,1,Meal Plan 1,0,Room_Type 1,0,0,104.72,1,Not_Canceled
1088,2,0,0,2,Meal Plan 2,0,Room_Type 1,0,0,121,0,Not_Canceled
1089,2,0,0,5,Meal Plan 1,0,Room_Type 1,0,0,90.95,1,Canceled
1090,2,0,0,3,Not Selected,0,Room_Type 1,0,0,88,0,Canceled
1091,2,0,0,1,Meal Plan 1,1,Room_Type 1,0,0,114.3,1,Not_Canceled
1092,2,0,0,5,Meal Plan 1,0,Room_Type 4,0,0,62,1,Not_Canceled
1093,2,0,0,1,Meal Plan 1,0,Room_Type 1,0,0,85,0,Not_Canceled
1094,2,0,1,3,Meal Plan 1,0,Room_Type 1,0,0,73.95,0,Not_Canceled
1095,2,0,0,4,Meal Plan 1,0,Room_Type 4,0,0,60.5,1,Not_Canceled
1096,3,0,1,2,Meal Plan 1,0,Room_Type 1,0,0,95,0,Not_Canceled
1097,2,0,0,4,Meal Plan 1,0,Room_Type 1,0,0,88.83,1,Canceled
1098,1,0,2,4,Meal Plan 1,0,Room_Type 1,0,0,110,0,Canceled
1099,2,0,2,2,Meal Plan 1,0,Room_Type 1,0,0,58,1,Not_Canceled
1100,3,0,1,2,Meal Plan 1,0,Room_Type 4,0,0,137.7,2,Not_Canceled
1101,2,0,2,1,Meal Plan 1,0,Room_Type 1,0,0,58.9,0,Not_Canceled
1102,1,0,0,1,Meal Plan 1,0,Room_Type 1,0,4,66,0,Not_Canceled
1103,2,0,0,1,Meal Plan 2,0,Room_Type 1,0,0,110,0,Not_Canceled
1104,3,0,0,2,Meal Plan 1,0,Room_Type 1,0,0,98.1,0,Not_Canceled
1105,1,0,0,2,Meal Plan 1,0,Room_Type 1,0,0,65,0,Not_Canceled
1106,2,0,0,3,Meal Plan 1,0,Room_Type 4,0,0,143.33,0,Canceled
1107,2,0,0,2,Meal Plan 1,0,Room_Type 1,0,0,0,0,Not_Canceled
1108,3,0,1,2,Meal Plan 1,0,Room_Type 1,0,0,96.9,1,Not_Canceled
1109,1,0,2,1,Meal Plan 2,0,Room_Type 1,0,0,72.5,0,Canceled
1110,1,0,1,2,Not Selected,0,Room_Type 1,0,0,87.78,1,Not_Canceled
1111,2,0,0,4,Meal Plan 1,0,Room_Type 1,0,0,105,1,Not_Canceled
1112,2,0,1,3,Meal Plan 1,0,Room_Type 1,0,0,88.8,0,Canceled
1113,2,0,1,3,Meal Plan 1,0,Room_Type 1,0,0,89.25,2,Not_Canceled
1114,2,0,0,2,Meal Plan 1,0,Room_Type 1,0,0,65,0,Not_Canceled
1115,1,0,0,2,Meal Plan 2,0,Room_Type 1,0,0,90,0,Not_Canceled
1116,2,0,1,2,Meal Plan 2,0,Room_Type 1,0,0,107,0,Canceled
1117,2,0,0,1,Meal Plan 1,0,Room_Type 1,0,0,160,0,Not_Canceled
1118,2,0,1,2,Meal Plan 1,0,Room_Type 4,0,0,113.6,0,Canceled
1119,2,0,0,2,Meal Plan 2,0,Room_Type 1,0,0,109,0,Canceled
1120,2,0,2,3,Meal Plan 1,0,Room_Type 1,0,0,90,1,Not_Canceled
1121,2,0,0,4,Meal Plan 1,0,Room_Type 1,0,0,72.25,0,Not_Canceled
1122,2,0,0,3,Meal Plan 1,0,Room_Type 4,0,0,95.24,1,Not_Canceled
1123,1,0,2,1,Meal Plan 1,0,Room_Type 1,0,0,95,0,Not_Canceled
1124,1,0,0,3,Not Selected,0,Room_Type 1,0,0,117.67,0,Canceled
1125,2,0,0,3,Meal Plan 1,0,Room_Type 4,0,0,139.5,1,Canceled
1126,1,0,0,2,Meal Plan 1,0,Room_Type 1,0,0,73,0,Not_Canceled
1127,2,0,0,3,Meal Plan 1,0,Room_Type 1,0,0,130,0,Canceled
1128,2,0,1,2,Meal Plan 2,0,Room_Type 1,0,0,130,0,Canceled
1129,2,0,2,5,Not Selected,0,Room_Type 1,0,0,90.34,1,Not_Canceled
1130,2,0,2,5,Meal Plan 1,0,Room_Type 1,0,0,101.88,1,Canceled
1131,2,0,2,3,Meal Plan 1,0,Room_Type 1,0,0,75.95,1,Not_Canceled
1132,2,0,0,2,Meal Plan 2,0,Room_Type 1,0,0,101.5,0,Canceled
1133,2,0,2,2,Meal Plan 1,0,Room_Type 2,0,0,67.66,0,Canceled
1134,2,0,1,1,Meal Plan 2,0,Room_Type 1,0,0,115,1,Canceled
1135,2,1,2,4,Meal Plan 1,0,Room_Type 1,0,0,115.03,2,Not_Canceled
1136,2,2,0,1,Meal Plan 1,0,Room_Type 6,0,0,206,0,Not_Canceled
1137,2,0,0,5,Meal Plan 1,0,Room_Type 1,0,0,90,1,Not_Canceled
1138,2,0,2,2,Meal Plan 1,0,Room_Type 1,0,0,75,0,Not_Canceled
1139,1,0,0,2,Meal Plan 1,0,Room_Type 1,0,0,100,0,Not_Canceled
1140,1,0,0,2,Meal Plan 1,0,Room_Type 1,0,0,73,0,Not_Canceled
1141,2,0,2,1,Meal Plan 2,0,Room_Type 1,0,0,107,1,Not_Canceled
1142,1,0,0,3,Meal Plan 1,0,Room_Type 1,0,0,95.67,0,Not_Canceled
1143,2,0,1,3,Meal Plan 1,0,Room_Type 4,0,0,105.64,1,Not_Canceled
1144,2,0,0,3,Meal Plan 1,0,Room_Type 1,0,0,90,1,Not_Canceled
1145,1,0,1,2,Meal Plan 1,0,Room_Type 1,0,0,75.3,0,Canceled
1146,2,0,1,2,Meal Plan 1,0,Room_Type 1,0,0,121.33,1,Canceled
1147,2,1,1,5,Meal Plan 1,1,Room_Type 1,0,0,104,2,Not_Canceled
1148,1,0,0,3,Meal Plan 1,0,Room_Type 4,0,0,120,0,Not_Canceled
1149,2,2,1,2,Meal Plan 1,0,Room_Type 6,0,0,115.67,3,Not_Canceled
1150,1,0,0,1,Meal Plan 1,0,Room_Type 1,0,0,133,1,Canceled
1151,3,0,0,3,Not Selected,0,Room_Type 1,0,0,183.5,0,Not_Canceled
1152,2,0,2,3,Meal Plan 1,0,Room_Type 4,0,0,107.95,0,Not_Canceled
1153,1,0,0,2,Meal Plan 1,0,Room_Type 1,0,0,80,0,Not_Canceled
1154,1,0,0,4,Not Selected,0,Room_Type 1,0,0,120.06,1,Not_Canceled
1155,1,0,1,4,Meal Plan 1,0,Room_Type 1,0,0,68,1,Canceled
1156,1,0,0,1,Not Selected,0,Room_Type 1,0,0,67.6,1,Not_Canceled
1157,2,0,0,1,Meal Plan 1,1,Room_Type 4,0,0,93.45,1,Not_Canceled
1158,2,0,0,0,Meal Plan 1,0,Room_Type 1,0,0,0,1,Not_Canceled
1159,2,0,1,1,Meal Plan 1,1,Room_Type 1,0,0,105.3,1,Not_Canceled
1160,2,0,0,4,Not Selected,0,Room_Type 1,0,0,159.38,2,Not_Canceled
1161,1,0,0,2,Meal Plan 1,0,Room_Type 1,0,0,95,0,Not_Canceled
1162,3,0,2,7,Meal Plan 1,0,Room_Type 4,0,0,127.22,1,Canceled
1163,1,0,0,3,Meal Plan 1,0,Room_Type 1,0,0,110,0,Canceled
1164,2,0,0,3,Meal Plan 1,0,Room_Type 1,0,0,75,0,Not_Canceled
1165,2,0,1,3,Meal Plan 1,0,Room_Type 1,0,0,90.95,2,Canceled
1166,2,0,0,2,Not Selected,0,Room_Type 1,0,0,94.5,0,Canceled
1167,2,2,0,2,Meal Plan 1,0,Room_Type 6,0,0,240,1,Not_Canceled
1168,2,0,1,4,Meal Plan 1,0,Room_Type 1,0,0,143.2,2,Not_Canceled
1169,1,0,2,5,Meal Plan 1,0,Room_Type 1,0,0,68.85,1,Not_Canceled
1170,2,0,2,2,Meal Plan 1,0,Room_Type 1,0,0,88.4,1,Not_Canceled
1171,2,0,0,4,Meal Plan 1,0,Room_Type 1,0,0,76.5,0,Canceled
1172,2,0,2,1,Meal Plan 1,0,Room_Type 1,0,0,123,0,Not_Canceled
1173,2,0,0,3,Meal Plan 1,0,Room_Type 1,0,0,120,1,Canceled
1174,2,1,2,3,Meal Plan 1,0,Room_Type 1,0,0,122.91,0,Not_Canceled
1175,1,0,0,1,Meal Plan 1,0,Room_Type 1,0,0,95,0,Not_Canceled
1176,1,0,0,2,Meal Plan 2,0,Room_Type 1,0,0,0,0,Not_Canceled
1177,2,0,0,4,Meal Plan 1,0,Room_Type 1,0,0,72,1,Not_Canceled
1178,2,0,0,2,Meal Plan 1,0,Room_Type 1,0,0,135.9,1,Canceled
1179,2,0,0,2,Meal Plan 2,0,Room_Type 1,0,0,101.5,0,Not_Canceled
1180,1,0,1,3,Meal Plan 1,0,Room_Type 5,0,0,107,0,Not_Canceled
1181,2,1,1,2,Meal Plan 1,0,Room_Type 1,0,0,169,2,Not_Canceled
1182,2,0,1,2,Not Selected,0,Room_Type 1,0,0,79.2,1,Canceled
1183,2,0,3,7,Not Selected,0,Room_Type 1,0,0,75.99,0,Not_Canceled
1184,2,0,1,2,Not Selected,0,Room_Type 1,0,0,87.3,1,Not_Canceled
1185,1,0,0,2,Meal Plan 2,0,Room_Type 1,0,0,90,0,Not_Canceled
1186,2,0,0,2,Meal Plan 1,0,Room_Type 1,0,0,87.3,0,Canceled
1187,2,1,0,1,Meal Plan 1,0,Room_Type 1,0,0,105.4,2,Not_Canceled
1188,2,0,1,3,Meal Plan 1,0,Room_Type 4,0,0,63.75,0,Not_Canceled
1189,2,0,0,2,Meal Plan 2,0,Room_Type 1,0,0,101.5,0,Canceled
1190,2,0,0,3,Meal Plan 1,0,Room_Type 1,0,0,95,0,Canceled
1191,2,0,2,0,Meal Plan 1,0,Room_Type 1,0,0,95,0,Canceled
1192,2,0,2,1,Not Selected,0,Room_Type 1,0,0,85.5,2,Not_Canceled
1193,2,0,1,3,Not Selected,0,Room_Type 1,0,0,115,0,Not_Canceled
1194,2,0,1,0,Not Selected,0,Room_Type 1,0,0,99,2,Not_Canceled
1195,2,0,2,1,Meal Plan 1,0,Room_Type 1,0,0,75,0,Not_Canceled
1196,2,0,1,0,Meal Plan 1,0,Room_Type 1,0,0,105.3,0,Not_Canceled
1197,2,0,1,4,Meal Plan 1,0,Room_Type 1,0,0,88.4,3,Not_Canceled
1198,2,0,2,5,Meal Plan 1,0,Room_Type 1,0,0,90.95,0,Canceled
1199,3,0,1,0,Meal Plan 1,0,Room_Type 4,0,0,127,1,Not_Canceled
1200,1,0,0,1,Meal Plan 1,0,Room_Type 1,0,1,79,1,Not_Canceled
1201,2,0,1,1,Meal Plan 1,0,Room_Type 1,0,0,90.45,0,Canceled
1202,2,0,2,5,Not Selected,0,Room_Type 1,0,0,85.61,0,Canceled
1203,2,0,1,2,Meal Plan 1,0,Room_Type 2,0,0,102.58,0,Not_Canceled
1204,2,0,0,2,Meal Plan 1,0,Room_Type 1,0,0,88.4,0,Not_Canceled
1205,1,0,0,1,Meal Plan 1,0,Room_Type 5,0,0,140,0,Not_Canceled
1206,2,0,2,1,Not Selected,0,Room_Type 1,0,0,120.33,2,Not_Canceled
1207,2,0,0,2,Meal Plan 1,1,Room_Type 4,0,0,158.4,1,Not_Canceled
1208,2,0,1,0,Not Selected,0,Room_Type 1,0,0,89,1,Not_Canceled
1209,1,0,0,1,Meal Plan 1,0,Room_Type 1,0,2,65,0,Not_Canceled
1210,2,0,1,2,Meal Plan 1,0,Room_Type 1,0,0,72,0,Canceled
1211,2,0,2,2,Meal Plan 1,0,Room_Type 1,0,0,101.8,0,Canceled
1212,2,0,2,3,Not Selected,0,Room_Type 1,0,0,75.27,0,Not_Canceled
1213,2,0,0,2,Meal Plan 1,0,Room_Type 1,0,0,96.3,1,Canceled
1214,2,0,0,1,Not Selected,0,Room_Type 1,0,0,85.5,0,Canceled
1215,1,0,2,1,Meal Plan 1,0,Room_Type 1,0,0,80,0,Canceled
1216,2,0,2,2,Meal Plan 1,0,Room_Type 1,0,0,70,0,Canceled
1217,2,0,2,1,Meal Plan 1,0,Room_Type 1,0,0,87,1,Not_Canceled
1218,1,0,0,2,Meal Plan 1,0,Room_Type 1,0,0,79,1,Not_Canceled
1219,2,0,2,1,Meal Plan 1,0,Room_Type 1,0,0,85.67,0,Not_Canceled
1220,2,0,2,1,Meal Plan 1,0,Room_Type 1,0,0,40.67,1,Not_Canceled
1221,2,0,0,3,Meal Plan 1,0,Room_Type 1,0,0,95,0,Not_Canceled
1222,2,0,0,3,Meal Plan 1,0,Room_Type 1,0,0,105,0,Not_Canceled
1223,1,0,2,3,Meal Plan 1,0,Room_Type 4,0,0,108.11,1,Canceled
1224,2,0,2,2,Meal Plan 1,0,Room_Type 1,0,0,75,0,Canceled
1225,2,0,1,3,Meal Plan 1,0,Room_Type 4,0,0,86.36,0,Not_Canceled
1226,2,0,0,1,Meal Plan 1,0,Room_Type 1,0,0,106.2,1,Canceled
1227,1,0,0,1,Meal Plan 1,0,Room_Type 1,0,0,80,0,Not_Canceled
1228,2,0,1,2,Meal Plan 1,0,Room_Type 1,0,0,100,0,Canceled
1229,2,1,0,2,Meal Plan 1,0,Room_Type 4,0,0,156,3,Not_Canceled
1230,2,0,1,3,Meal Plan 1,0,Room_Type 1,0,0,100.3,1,Canceled
1231,2,0,0,3,Meal Plan 2,0,Room_Type 4,0,0,159,1,Canceled
1232,1,0,0,2,Meal Plan 1,0,Room_Type 1,0,0,103,2,Not_Canceled
1233,2,0,1,0,Not Selected,0,Room_Type 1,0,0,56.47,0,Not_Canceled
1234,2,2,0,1,Meal Plan 1,0,Room_Type 6,0,0,156.6,1,Not_Canceled
1235,2,0,0,3,Meal Plan 1,0,Room_Type 1,0,0,93.09,1,Canceled
1236,2,0,2,3,Meal Plan 1,0,Room_Type 1,0,0,80.75,0,Canceled
1237,1,0,1,1,Not Selected,0,Room_Type 1,0,0,79.2,1,Not_Canceled
1238,3,0,1,3,Meal Plan 1,0,Room_Type 5,0,0,150.45,1,Not_Canceled
1239,2,0,2,3,Meal Plan 1,0,Room_Type 1,0,0,58,0,Not_Canceled
1240,2,0,1,2,Not Selected,0,Room_Type 1,0,0,89,1,Canceled
1241,2,0,0,1,Meal Plan 1,0,Room_Type 1,0,0,105,1,Not_Canceled
1242,1,0,1,3,Meal Plan 1,0,Room_Type 1,0,0,92.4,0,Not_Canceled
1243,1,0,2,0,Meal Plan 1,0,Room_Type 1,0,0,90.9,1,Not_Canceled
1244,1,0,0,2,Meal Plan 1,0,Room_Type 1,0,0,100,0,Not_Canceled
1245,2,0,1,4,Meal Plan 1,0,Room_Type 1,0,0,63.58,0,Not_Canceled
1246,2,0,0,2,Meal Plan 2,0,Room_Type 1,0,0,109,0,Not_Canceled
1247,2,0,0,2,Meal Plan 1,0,Room_Type 4,0,0,175,2,Not_Canceled
1248,1,0,2,1,Not Selected,0,Room_Type 1,0,0,159,2,Not_Canceled
1249,2,0,0,1,Not Selected,0,Room_Type 1,0,0,71.1,0,Canceled
1250,1,0,2,3,Meal Plan 1,0,Room_Type 1,0,0,108.9,1,Not_Canceled
1251,1,0,0,2,Meal Plan 1,0,Room_Type 1,0,0,73,0,Not_Canceled
1252,1,0,0,1,Meal Plan 1,0,Room_Type 1,0,0,79,0,Not_Canceled
1253,2,0,0,3,Not Selected,0,Room_Type 1,0,0,57.93,1,Not_Canceled
1254,1,0,0,2,Meal Plan 1,0,Room_Type 1,0,0,100.8,0,Canceled
1255,2,0,0,1,Meal Plan 1,0,Room_Type 4,0,0,156,0,Canceled
1256,2,0,1,1,Meal Plan 1,0,Room_Type 4,0,0,129,1,Not_Canceled
1257,2,0,2,4,Not Selected,0,Room_Type 1,0,0,68.72,0,Not_Canceled
1258,1,0,0,2,Meal Plan 2,0,Room_Type 1,0,0,80,0,Canceled
1259,2,0,1,3,Meal Plan 1,0,Room_Type 1,0,0,64.98,1,Not_Canceled
1260,2,0,0,2,Meal Plan 2,0,Room_Type 1,0,0,101.5,0,Canceled
1261,1,0,0,1,Meal Plan 1,0,Room_Type 4,0,0,150.15,1,Canceled
1262,2,1,2,2,Meal Plan 1,0,Room_Type 1,0,0,99.45,2,Not_Canceled
1263,2,0,1,4,Meal Plan 1,0,Room_Type 1,0,0,97.71,1,Not_Canceled
1264,2,0,0,2,Meal Plan 1,0,Room_Type 1,0,0,105.3,0,Canceled
1265,2,0,1,3,Meal Plan 1,0,Room_Type 1,0,0,105.3,1,Not_Canceled
1266,2,1,1,3,Meal Plan 1,0,Room_Type 4,0,0,143.1,0,Not_Canceled
1267,2,0,2,2,Meal Plan 1,0,Room_Type 4,0,0,107,0,Canceled
1268,2,0,1,2,Meal Plan 1,0,Room_Type 1,0,0,89.93,0,Not_Canceled
1269,1,0,0,1,Meal Plan 1,0,Room_Type 1,0,0,102.7,0,Not_Canceled
1270,1,0,2,1,Meal Plan 2,0,Room_Type 1,0,0,86,0,Not_Canceled
1271,2,0,0,3,Meal Plan 1,0,Room_Type 1,0,0,120,1,Not_Canceled
1272,3,0,0,3,Meal Plan 1,0,Room_Type 4,0,0,182.33,2,Not_Canceled
1273,2,0,2,2,Not Selected,0,Room_Type 1,0,0,80.75,0,Canceled
1274,3,0,0,2,Meal Plan 1,0,Room_Type 1,0,0,126.3,2,Not_Canceled
1275,2,1,0,2,Meal Plan 1,0,Room_Type 4,0,0,20,2,Not_Canceled
1276,3,0,2,5,Meal Plan 1,0,Room_Type 1,0,0,212.06,0,Canceled
1277,2,0,2,1,Not Selected,0,Room_Type 1,0,0,142.33,1,Not_Canceled
1278,1,0,0,3,Meal Plan 1,0,Room_Type 1,0,0,64.6,0,Not_Canceled
1279,2,0,1,3,Meal Plan 1,0,Room_Type 1,0,0,85,0,Canceled
1280,2,0,0,1,Meal Plan 1,0,Room_Type 1,0,0,141,1,Canceled
1281,1,0,0,2,Not Selected,0,Room_Type 1,0,0,103.18,1,Not_Canceled
1282,1,0,1,1,Meal Plan 1,1,Room_Type 1,0,0,124,1,Not_Canceled
1283,2,0,2,3,Meal Plan 1,1,Room_Type 4,0,0,140.4,1,Not_Canceled
1284,2,0,1,1,Meal Plan 2,0,Room_Type 1,0,0,115,1,Canceled
1285,1,0,1,4,Meal Plan 1,0,Room_Type 1,0,0,95,0,Not_Canceled
1286,1,0,1,1,Meal Plan 1,0,Room_Type 1,0,0,70,0,Not_Canceled
1287,2,0,1,2,Meal Plan 1,0,Room_Type 2,0,0,78.55,1,Canceled
1288,2,0,2,1,Meal Plan 1,0,Room_Type 1,0,0,71.84,0,Not_Canceled
1289,1,0,0,2,Meal Plan 1,1,Room_Type 1,0,0,55,1,Not_Canceled
1290,3,0,1,3,Meal Plan 1,0,Room_Type 4,0,0,158.4,1,Not_Canceled
1291,2,0,2,2,Meal Plan 1,0,Room_Type 1,0,0,119.85,1,Canceled
1292,2,1,0,1,Meal Plan 1,0,Room_Type 1,0,0,109,0,Canceled
1293,2,0,2,1,Meal Plan 1,0,Room_Type 4,0,0,118.8,1,Canceled
1294,2,0,2,2,Meal Plan 2,0,Room_Type 1,0,0,143.1,2,Not_Canceled
1295,2,0,0,1,Not Selected,0,Room_Type 1,0,0,88,0,Not_Canceled
1296,2,0,2,1,Not Selected,0,Room_Type 1,0,0,76.1,2,Not_Canceled
1297,2,0,0,1,Meal Plan 1,0,Room_Type 1,0,0,120,0,Not_Canceled
1298,2,0,2,0,Meal Plan 1,0,Room_Type 1,0,0,126.9,0,Not_Canceled
1299,2,0,1,4,Meal Plan 1,0,Room_Type 4,0,0,138.24,0,Not_Canceled
1300,2,0,2,3,Meal Plan 1,0,Room_Type 1,0,0,63.75,1,Not_Canceled
1301,2,0,1,3,Meal Plan 1,0,Room_Type 1,0,0,107.55,0,Not_Canceled
1302,3,0,0,3,Meal Plan 1,0,Room_Type 4,0,0,147.3,0,Canceled
1303,1,0,0,2,Meal Plan 1,0,Room_Type 1,0,0,95,0,Not_Canceled
1304,2,0,0,2,Meal Plan 1,0,Room_Type 5,0,0,160.2,1,Not_Canceled
1305,2,0,2,2,Not Selected,0,Room_Type 1,0,0,81.25,0,Canceled
1306,2,0,2,1,Not Selected,0,Room_Type 1,0,0,88.2,1,Not_Canceled
1307,2,0,1,0,Meal Plan 1,0,Room_Type 1,0,0,85.47,1,Not_Canceled
1308,2,0,0,2,Not Selected,0,Room_Type 1,0,0,89.1,2,Not_Canceled
1309,2,0,0,3,Meal Plan 1,0,Room_Type 1,0,0,146.33,2,Not_Canceled
1310,2,0,0,3,Not Selected,0,Room_Type 1,0,0,116.1,0,Canceled
1311,2,0,1,2,Meal Plan 1,0,Room_Type 1,0,0,38.67,0,Not_Canceled
1312,2,0,0,2,Meal Plan 1,1,Room_Type 1,0,0,98.25,1,Not_Canceled
1313,2,0,0,2,Meal Plan 1,0,Room_Type 1,0,0,120,0,Canceled
1314,2,0,0,2,Meal Plan 1,1,Room_Type 1,0,0,135.9,2,Canceled
1315,2,0,2,5,Meal Plan 1,0,Room_Type 1,0,0,90.95,1,Not_Canceled
1316,1,0,0,2,Meal Plan 1,0,Room_Type 1,0,0,130,0,Not_Canceled
1317,2,0,1,3,Meal Plan 1,0,Room_Type 1,0,0,124.25,3,Not_Canceled
1318,2,0,0,3,Meal Plan 2,0,Room_Type 1,0,0,117,0,Not_Canceled
1319,2,0,2,5,Meal Plan 1,0,Room_Type 1,0,0,85,2,Not_Canceled
1320,2,2,1,2,Meal Plan 1,0,Room_Type 6,0,0,198.9,0,Canceled
1321,2,0,1,3,Meal Plan 1,0,Room_Type 1,0,0,84,1,Not_Canceled
1322,2,1,0,3,Meal Plan 1,0,Room_Type 1,0,0,143.1,2,Not_Canceled
1323,2,0,0,2,Meal Plan 1,0,Room_Type 1,0,0,108,0,Not_Canceled
1324,2,1,2,4,Meal Plan 1,0,Room_Type 1,0,0,135.15,0,Canceled
1325,2,0,0,3,Not Selected,0,Room_Type 1,0,0,87.78,1,Not_Canceled
1326,1,0,0,3,Meal Plan 1,0,Room_Type 1,0,0,60,0,Canceled
1327,2,0,2,3,Meal Plan 1,0,Room_Type 1,0,0,101.15,0,Not_Canceled
1328,2,0,1,2,Meal Plan 1,0,Room_Type 1,0,0,80.27,0,Not_Canceled
1329,2,0,1,3,Meal Plan 1,0,Room_Type 1,0,0,82.45,1,Not_Canceled
1330,2,0,0,3,Meal Plan 2,0,Room_Type 1,0,0,160,0,Not_Canceled
1331,2,0,0,1,Not Selected,0,Room_Type 1,0,0,149,3,Not_Canceled
1332,2,0,0,4,Meal Plan 1,0,Room_Type 1,0,0,135.9,1,Canceled
1333,2,0,0,3,Meal Plan 1,0,Room_Type 4,0,0,122.4,0,Canceled
1334,1,0,0,1,Meal Plan 1,0,Room_Type 1,0,0,124,1,Not_Canceled
1335,3,0,2,1,Meal Plan 2,0,Room_Type 4,0,0,187,2,Not_Canceled
1336,2,0,2,1,Meal Plan 2,0,Room_Type 1,0,0,94.5,0,Canceled
1337,2,0,2,1,Meal Plan 1,0,Room_Type 1,0,0,80.75,1,Not_Canceled
1338,3,0,2,1,Meal Plan 1,0,Room_Type 4,0,0,170.4,1,Canceled
1339,2,0,0,3,Not Selected,0,Room_Type 1,0,0,79.2,2,Not_Canceled
1340,2,0,2,1,Meal Plan 1,0,Room_Type 1,0,0,100,0,Canceled
1341,2,0,0,2,Meal Plan 1,0,Room_Type 2,0,0,105.5,1,Not_Canceled
1342,2,0,0,4,Meal Plan 1,0,Room_Type 2,0,0,95,0,Not_Canceled
1343,2,0,0,2,Meal Plan 1,0,Room_Type 1,0,0,120,0,Canceled
1344,2,0,1,3,Meal Plan 1,0,Room_Type 1,0,0,80,0,Canceled
1345,1,0,0,2,Meal Plan 1,0,Room_Type 1,0,0,105,0,Canceled
1346,2,0,0,2,Meal Plan 1,0,Room_Type 1,0,0,105,0,Not_Canceled
1347,2,0,0,3,Meal Plan 1,0,Room_Type 4,0,0,139.5,2,Canceled
1348,2,0,1,1,Meal Plan 2,0,Room_Type 1,0,0,115,0,Canceled
1349,2,0,1,1,Not Selected,0,Room_Type 1,0,0,79.2,1,Not_Canceled
1350,2,0,0,2,Not Selected,0,Room_Type 1,0,0,65.36,2,Not_Canceled
1351,2,0,0,3,Meal Plan 1,0,Room_Type 4,0,0,123.3,2,Not_Canceled
1352,1,0,0,1,Meal Plan 1,0,Room_Type 1,0,0,84,0,Not_Canceled
1353,2,0,2,1,Meal Plan 1,0,Room_Type 4,0,0,77.6,0,Canceled
1354,2,1,2,2,Meal Plan 1,0,Room_Type 1,0,0,105.4,3,Not_Canceled
1355,1,0,0,2,Meal Plan 2,0,Room_Type 1,0,0,87,0,Not_Canceled
1356,2,0,0,3,Meal Plan 1,0,Room_Type 4,0,0,90.95,0,Not_Canceled
1357,2,0,0,2,Meal Plan 2,0,Room_Type 1,0,0,115,0,Canceled
1358,2,0,0,3,Meal Plan 1,0,Room_Type 1,0,0,75,0,Not_Canceled
1359,2,0,2,2,Meal Plan 1,0,Room_Type 1,0,0,81.77,1,Not_Canceled
1360,1,0,2,1,Meal Plan 1,0,Room_Type 1,0,0,147,0,Canceled
1361,2,2,2,1,Meal Plan 1,0,Room_Type 6,0,0,198.9,0,Canceled
1362,1,0,1,1,Meal Plan 1,0,Room_Type 4,0,0,136,1,Not_Canceled
1363,3,0,1,2,Meal Plan 1,0,Room_Type 4,0,0,110.7,2,Not_Canceled
1364,2,0,2,6,Not Selected,0,Room_Type 1,0,0,62.58,1,Not_Canceled
1365,2,1,0,1,Meal Plan 1,0,Room_Type 5,0,0,102.68,1,Not_Canceled
1366,2,0,0,1,Not Selected,0,Room_Type 1,0,0,108,0,Canceled
1367,2,1,2,3,Meal Plan 1,0,Room_Type 1,0,0,90,2,Not_Canceled
1368,2,0,1,3,Not Selected,0,Room_Type 1,0,0,76.5,1,Canceled
1369,2,0,1,2,Meal Plan 1,0,Room_Type 1,0,0,65,0,Not_Canceled
1370,1,0,0,1,Not Selected,0,Room_Type 1,0,0,90.71,0,Not_Canceled
1371,2,0,0,4,Meal Plan 1,0,Room_Type 4,0,0,95.4,1,Canceled
1372,2,0,2,2,Meal Plan 1,0,Room_Type 1,0,0,88.5,0,Not_Canceled
1373,1,0,1,3,Meal Plan 1,0,Room_Type 1,0,0,136.06,1,Canceled
1374,2,0,0,3,Meal Plan 1,0,Room_Type 1,0,0,52,1,Not_Canceled
1375,2,0,1,2,Meal Plan 1,0,Room_Type 1,0,0,85,0,Not_Canceled
1376,2,0,0,2,Meal Plan 2,0,Room_Type 1,0,0,101.5,0,Not_Canceled
1377,2,0,1,3,Meal Plan 1,0,Room_Type 1,0,0,82.45,0,Not_Canceled
1378,2,0,1,3,Meal Plan 1,0,Room_Type 4,0,0,61.5,0,Not_Canceled
1379,2,0,2,1,Not Selected,0,Room_Type 1,0,0,98.1,0,Canceled
1380,2,2,0,3,Meal Plan 1,0,Room_Type 5,0,0,138.25,0,Not_Canceled
1381,2,0,0,1,Not Selected,0,Room_Type 1,0,0,76.23,1,Not_Canceled
1382,2,0,0,3,Meal Plan 1,0,Room_Type 1,0,0,78.3,2,Canceled
1383,2,0,1,3,Meal Plan 1,0,Room_Type 1,0,0,94.5,2,Not_Canceled
1384,1,0,0,1,Meal Plan 1,0,Room_Type 1,0,5,66,0,Not_Canceled
1385,2,0,0,1,Meal Plan 1,0,Room_Type 1,0,0,80,0,Canceled
1386,1,0,1,0,Meal Plan 1,0,Room_Type 1,0,0,89,0,Not_Canceled
1387,2,0,0,3,Meal Plan 1,0,Room_Type 1,0,0,114.67,2,Not_Canceled
1388,2,0,1,2,Meal Plan 1,0,Room_Type 1,0,0,91,0,Not_Canceled
1389,2,0,0,3,Meal Plan 1,0,Room_Type 1,0,0,141,0,Canceled
1390,2,0,0,3,Meal Plan 1,0,Room_Type 1,0,0,130,0,Canceled
1391,2,0,2,2,Meal Plan 1,0,Room_Type 1,0,0,90.95,1,Not_Canceled
1392,2,0,1,1,Meal Plan 2,0,Room_Type 1,0,0,112.2,0,Not_Canceled
1393,2,0,0,3,Meal Plan 1,0,Room_Type 1,0,0,68,1,Not_Canceled
1394,2,0,0,1,Not Selected,0,Room_Type 1,0,0,75,1,Not_Canceled
1395,0,1,2,4,Meal Plan 1,0,Room_Type 2,0,0,73.74,1,Not_Canceled
1396,2,0,1,3,Meal Plan 1,0,Room_Type 1,0,0,118.8,1,Not_Canceled
1397,2,0,0,1,Not Selected,0,Room_Type 1,0,0,67.5,0,Not_Canceled
1398,2,0,0,3,Not Selected,0,Room_Type 1,0,0,79.2,2,Not_Canceled
1399,2,0,0,2,Meal Plan 2,0,Room_Type 1,0,0,124,1,Canceled
1400,1,0,0,2,Meal Plan 1,0,Room_Type 1,0,0,62,0,Not_Canceled
1401,1,0,0,2,Meal Plan 2,0,Room_Type 1,0,0,0,0,Not_Canceled
1402,2,0,2,1,Meal Plan 1,0,Room_Type 4,0,0,118.8,2,Not_Canceled
1403,3,0,0,0,Meal Plan 1,0,Room_Type 4,0,0,0,2,Not_Canceled
1404,1,0,0,1,Meal Plan 1,0,Room_Type 4,0,2,110,1,Not_Canceled
1405,2,0,0,1,Meal Plan 1,0,Room_Type 4,0,0,149.4,0,Canceled
1406,2,0,2,2,Meal Plan 1,0,Room_Type 1,0,0,75,0,Not_Canceled
1407,2,0,2,5,Meal Plan 1,0,Room_Type 4,0,0,52,0,Not_Canceled
1408,3,0,0,2,Meal Plan 1,0,Room_Type 4,0,0,137.7,0,Canceled
1409,2,0,0,1,Meal Plan 2,0,Room_Type 1,0,0,108,0,Canceled
1410,2,0,1,5,Meal Plan 1,0,Room_Type 4,0,0,111.35,1,Not_Canceled
1411,2,1,1,2,Meal Plan 2,0,Room_Type 1,0,0,127.05,0,Canceled
1412,2,0,0,3,Meal Plan 1,0,Room_Type 1,0,0,80.3,1,Not_Canceled
1413,3,0,0,4,Meal Plan 1,0,Room_Type 4,0,0,168.3,1,Canceled
1414,2,0,1,4,Meal Plan 1,0,Room_Type 4,0,0,96.9,2,Not_Canceled
1415,2,0,2,1,Meal Plan 1,0,Room_Type 4,0,0,60,0,Not_Canceled
1416,1,0,2,1,Not Selected,0,Room_Type 1,0,0,88,2,Not_Canceled
1417,2,0,1,2,Not Selected,0,Room_Type 1,0,0,122.33,0,Canceled
1418,3,0,0,1,Meal Plan 1,0,Room_Type 4,0,0,137.7,1,Not_Canceled
1419,2,0,2,2,Meal Plan 1,0,Room_Type 1,0,0,72.07,1,Not_Canceled
1420,2,0,0,4,Meal Plan 1,0,Room_Type 1,0,0,84.58,1,Not_Canceled
1421,2,0,1,2,Not Selected,0,Room_Type 1,0,0,140,2,Not_Canceled
1422,2,2,0,1,Meal Plan 2,0,Room_Type 6,0,0,259.2,1,Not_Canceled
1423,2,0,2,1,Meal Plan 1,0,Room_Type 1,0,0,85.5,0,Not_Canceled
1424,2,0,0,1,Meal Plan 1,0,Room_Type 1,0,0,111,0,Not_Canceled
1425,1,0,0,2,Meal Plan 2,0,Room_Type 1,0,0,1,0,Not_Canceled
1426,2,0,2,2,Meal Plan 1,0,Room_Type 1,0,0,108.45,1,Canceled
1427,2,0,2,2,Meal Plan 1,0,Room_Type 4,0,0,120.38,1,Not_Canceled
1428,1,0,0,1,Meal Plan 1,0,Room_Type 1,0,0,85.5,0,Canceled
1429,1,0,0,2,Meal Plan 1,0,Room_Type 1,0,0,100,0,Not_Canceled
1430,1,0,2,0,Meal Plan 1,0,Room_Type 1,0,0,84.7,0,Not_Canceled
1431,3,0,2,2,Meal Plan 1,0,Room_Type 1,0,0,115.85,2,Not_Canceled
1432,2,0,0,2,Not Selected,0,Room_Type 1,0,0,81,2,Not_Canceled
1433,2,0,2,1,Meal Plan 1,0,Room_Type 1,0,0,117,1,Not_Canceled
1434,2,0,2,3,Not Selected,0,Room_Type 1,0,0,55.32,0,Not_Canceled
1435,2,0,0,1,Meal Plan 1,0,Room_Type 1,0,0,65,0,Not_Canceled
1436,3,0,2,2,Meal Plan 1,0,Room_Type 1,0,0,82,1,Not_Canceled
1437,3,0,1,1,Meal Plan 1,0,Room_Type 4,0,0,182,0,Canceled
1438,2,0,2,2,Not Selected,0,Room_Type 1,0,0,131.5,3,Not_Canceled
1439,2,0,2,2,Meal Plan 1,0,Room_Type 1,0,0,81,0,Not_Canceled
1440,2,0,1,2,Meal Plan 1,0,Room_Type 1,0,0,132,0,Canceled
1441,2,0,0,2,Not Selected,0,Room_Type 1,0,0,81,1,Not_Canceled
1442,2,0,1,2,Not Selected,0,Room_Type 1,0,0,89.4,0,Canceled
1443,2,0,2,1,Meal Plan 1,0,Room_Type 1,0,0,135.9,0,Not_Canceled
1444,2,1,0,1,Meal Plan 1,0,Room_Type 1,0,0,112.5,0,Canceled
1445,3,0,1,3,Meal Plan 1,0,Room_Type 4,0,0,124.1,1,Canceled
1446,1,0,0,2,Meal Plan 2,0,Room_Type 1,0,0,90,0,Not_Canceled
1447,2,0,2,0,Meal Plan 1,0,Room_Type 1,0,0,121,2,Not_Canceled
1448,2,0,0,2,Meal Plan 1,0,Room_Type 1,0,0,52,0,Canceled
1449,1,0,0,2,Meal Plan 1,0,Room_Type 1,0,0,89,0,Canceled
1450,2,0,2,4,Meal Plan 1,0,Room_Type 4,0,0,138,0,Canceled
1451,2,0,1,0,Not Selected,0,Room_Type 4,0,0,129,0,Not_Canceled
1452,2,0,1,0,Meal Plan 1,1,Room_Type 4,0,0,132.3,3,Not_Canceled
1453,2,0,0,1,Not Selected,1,Room_Type 1,0,0,90,0,Not_Canceled
1454,2,0,2,6,Meal Plan 2,0,Room_Type 1,0,0,140.25,1,Not_Canceled
1455,2,2,1,3,Meal Plan 1,0,Room_Type 6,0,0,187.85,1,Not_Canceled
1456,2,0,0,1,Meal Plan 2,0,Room_Type 1,0,0,108,0,Canceled
1457,2,0,2,0,Meal Plan 1,0,Room_Type 1,0,0,54,0,Not_Canceled
1458,2,0,2,1,Not Selected,0,Room_Type 1,0,0,73.5,1,Canceled
1459,2,0,2,2,Meal Plan 1,0,Room_Type 1,0,0,80.75,0,Not_Canceled
1460,2,0,0,2,Not Selected,0,Room_Type 1,0,0,81,0,Not_Canceled
1461,2,0,0,1,Meal Plan 2,0,Room_Type 1,0,0,108,0,Canceled
1462,2,0,2,1,Meal Plan 1,0,Room_Type 1,0,0,90.3,1,Not_Canceled
1463,2,0,1,2,Meal Plan 1,0,Room_Type 1,0,0,82.7,1,Not_Canceled
1464,2,0,0,1,Not Selected,0,Room_Type 1,0,0,89,0,Canceled
1465,2,0,0,4,Meal Plan 1,0,Room_Type 1,0,0,92.28,1,Not_Canceled
1466,2,0,2,1,Meal Plan 1,0,Room_Type 1,0,0,105.3,1,Not_Canceled
1467,2,0,1,2,Meal Plan 1,0,Room_Type 4,0,0,112.42,0,Canceled
1468,1,0,0,3,Meal Plan 1,0,Room_Type 1,0,0,114,1,Not_Canceled
1469,2,1,1,2,Meal Plan 2,0,Room_Type 1,0,0,194.85,1,Canceled
1470,1,0,1,5,Meal Plan 1,0,Room_Type 1,0,0,80,0,Canceled
1471,2,0,1,0,Not Selected,0,Room_Type 1,0,0,116.1,1,Not_Canceled
1472,1,0,2,0,Meal Plan 1,0,Room_Type 1,0,0,65,0,Not_Canceled
1473,2,1,0,3,Meal Plan 1,0,Room_Type 1,0,0,125.1,0,Canceled
1474,2,0,0,3,Meal Plan 1,0,Room_Type 1,0,0,82.44,1,Not_Canceled
1475,2,0,1,3,Meal Plan 1,0,Room_Type 1,0,0,111.75,1,Not_Canceled
1476,1,0,0,3,Meal Plan 1,0,Room_Type 1,0,0,110,0,Canceled
1477,1,0,0,2,Meal Plan 2,0,Room_Type 1,0,0,90,0,Not_Canceled
1478,2,0,2,0,Meal Plan 1,0,Room_Type 1,0,0,135.9,1,Not_Canceled
1479,1,0,1,0,Meal Plan 1,0,Room_Type 1,0,0,106,0,Not_Canceled
1480,2,0,1,4,Meal Plan 1,0,Room_Type 1,0,0,90,0,Canceled
1481,2,0,0,2,Meal Plan 1,0,Room_Type 1,0,0,2,0,Not_Canceled
1482,2,0,2,3,Not Selected,0,Room_Type 1,0,0,79.05,0,Canceled
1483,2,0,0,3,Meal Plan 1,1,Room_Type 1,0,0,139,1,Not_Canceled
1484,2,0,1,1,Meal Plan 1,0,Room_Type 1,0,0,128.5,2,Not_Canceled
1485,2,0,2,2,Not Selected,0,Room_Type 1,0,0,58.14,0,Not_Canceled
1486,2,2,2,4,Meal Plan 1,0,Room_Type 6,0,0,196.67,4,Not_Canceled
1487,1,0,0,2,Meal Plan 1,0,Room_Type 1,0,0,81,0,Not_Canceled
1488,2,0,2,5,Meal Plan 1,0,Room_Type 4,0,0,82.45,0,Not_Canceled
1489,2,0,2,0,Not Selected,0,Room_Type 1,0,0,95,0,Canceled
1490,1,0,2,7,Meal Plan 1,0,Room_Type 1,0,0,0,0,Not_Canceled
1491,2,0,1,5,Meal Plan 1,0,Room_Type 4,0,0,164.33,0,Canceled
1492,2,0,2,2,Meal Plan 2,0,Room_Type 4,0,0,156.6,2,Not_Canceled
1493,2,0,0,3,Meal Plan 1,0,Room_Type 1,0,0,111.35,0,Canceled
1494,2,0,2,1,Meal Plan 1,0,Room_Type 1,0,0,65,0,Not_Canceled
1495,2,0,1,0,Meal Plan 1,0,Room_Type 1,0,0,98.82,0,Canceled
1496,1,0,0,1,Meal Plan 1,0,Room_Type 4,0,0,110,0,Canceled
1497,1,0,1,2,Meal Plan 1,0,Room_Type 4,0,0,88.01,1,Not_Canceled
1498,2,0,0,3,Meal Plan 1,0,Room_Type 1,0,0,68,0,Not_Canceled
1499,2,0,0,2,Meal Plan 1,0,Room_Type 1,0,0,79.35,1,Not_Canceled
1500,2,0,2,3,Meal Plan 1,0,Room_Type 1,0,0,70.03,1,Not_Canceled
1501,2,0,1,2,Meal Plan 1,0,Room_Type 4,0,0,118.8,0,Canceled
1502,1,0,1,0,Meal Plan 1,0,Room_Type 1,0,0,159,1,Not_Canceled
1503,2,0,1,1,Not Selected,0,Room_Type 1,0,0,85.5,0,Not_Canceled
1504,1,0,2,1,Meal Plan 1,0,Room_Type 1,0,0,60,0,Canceled
1505,2,0,0,2,Not Selected,0,Room_Type 1,0,0,103.55,0,Not_Canceled
1506,2,0,0,1,Meal Plan 1,0,Room_Type 1,0,0,91,1,Not_Canceled
1507,2,0,0,2,Not Selected,0,Room_Type 1,0,0,119,1,Canceled
1508,3,0,2,5,Meal Plan 1,0,Room_Type 6,0,0,181.16,2,Not_Canceled
1509,2,0,2,1,Meal Plan 1,0,Room_Type 1,0,0,117.9,0,Canceled
1510,2,1,0,1,Meal Plan 1,0,Room_Type 1,0,0,142,2,Not_Canceled
1511,2,0,1,3,Not Selected,0,Room_Type 1,0,0,74.8,1,Not_Canceled
1512,2,0,1,3,Meal Plan 1,0,Room_Type 1,0,0,116.75,0,Canceled
1513,2,0,0,2,Meal Plan 1,0,Room_Type 1,0,0,120,0,Canceled
1514,2,0,0,1,Not Selected,0,Room_Type 1,0,0,89,0,Canceled
1515,2,0,1,2,Not Selected,0,Room_Type 1,0,0,79.2,2,Not_Canceled
1516,2,0,1,3,Meal Plan 1,0,Room_Type 1,0,0,101.34,1,Not_Canceled
1517,2,0,0,2,Not Selected,1,Room_Type 1,0,0,91.8,0,Not_Canceled
1518,1,0,1,3,Meal Plan 1,0,Room_Type 4,0,0,141,0,Canceled
1519,2,1,0,2,Meal Plan 1,0,Room_Type 1,0,0,76.08,0,Not_Canceled
1520,2,0,2,2,Meal Plan 1,0,Room_Type 1,0,0,43.5,0,Not_Canceled
1521,2,0,0,3,Meal Plan 1,0,Room_Type 2,0,0,77.25,0,Not_Canceled
1522,2,0,1,4,Meal Plan 1,0,Room_Type 1,0,0,104.17,0,Not_Canceled
1523,2,0,0,3,Meal Plan 1,0,Room_Type 1,0,0,37.33,1,Not_Canceled
1524,2,0,1,2,Meal Plan 1,0,Room_Type 1,0,0,89,0,Canceled
1525,2,0,0,1,Meal Plan 1,0,Room_Type 4,0,0,118.58,1,Not_Canceled
